ID,goal,literal_move,literal_utility,prag_move,prag_utility,baseline_move,baseline_utility,careful_move,careful_utility
91484,fill nocolor C1,"(97, 67)",1,"(96, 84)",1,"(82, 73)",0,"('none', 'none')",0
91484,fill nocolor A2,"(83, 40)",1,"(102, 93)",1,"(86, 77)",1,"('none', 'none')",0
91484,cover green all,"(96, 54)",1,"(92, 54)",1,"(95, 68)",0,"('none', 'none')",0
91484,cover red all,"(91, 65)",1,"(87, 52)",1,"(86, 79)",0,"('none', 'none')",0
91484,move red A,"(89, 74)",1,"(87, 54)",1,"(96, 79)",0,"(97, 93)",0
91484,uncover red all,"(70, 93)",1,"(80, 79)",1,"(82, 72)",0,"('none', 'none')",0
91484,clear nocolor A2,"(95, 84)",1,"(95, 62)",1,"(87, 65)",0,"(86, 62)",0
91484,clear nocolor A1,"(91, 63)",1,"(102, 65)",0,"(80, 69)",0,"(86, 84)",0
91484,move blue C,"(95, 74)",0,"(92, 73)",0,"(82, 65)",1,"('none', 'none')",0
91484,uncover green all,"(87, 71)",1,"(92, 78)",0,"(70, 93)",1,"('none', 'none')",0
98763,cover red all,"(84, 62)",1,"(95, 63)",0,"(57, 83)",1,"('none', 'none')",0
98763,clear nocolor A2,"(57, 36)",1,"(85, 61)",0,"(85, 83)",0,"('none', 'none')",0
98763,fill nocolor B1,"(54, 78)",1,"(88, 63)",0,"(84, 71)",0,"('none', 'none')",0
98763,uncover blue all,"(89, 62)",1,"(54, 62)",1,"(80, 63)",-1,"('none', 'none')",0
98763,move blue B2,"(73, 62)",1,"(84, 63)",1,"(81, 101)",0,"('none', 'none')",0
98763,fill nocolor A2,"(80, 77)",1,"(73, 77)",1,"(80, 36)",0,"('none', 'none')",0
98763,cover green all,"(85, 86)",1,"(92, 55)",1,"(81, 83)",0,"(85, 94)",0
98763,move blue B,"(57, 62)",1,"(82, 61)",0,"(57, 87)",1,"(89, 62)",1
98763,clear nocolor C,"(89, 83)",1,"(79, 55)",0,"(82, 60)",0,"('none', 'none')",0
98763,uncover red all,"(57, 55)",0,"(104, 61)",-1,"(101, 62)",-1,"(72, 66)",2
33708,fill nocolor A1,"(101, 63)",0,"(79, 69)",0,"(94, 48)",0,"(81, 48)",0
33708,uncover green all,"(87, 57)",0,"(89, 98)",0,"(66, 49)",-1,"(79, 76)",0
33708,move blue A1,"(66, 83)",1,"(95, 69)",0,"(54, 73)",0,"(104, 57)",-1
33708,clear nocolor A,"(74, 100)",1,"(95, 71)",1,"(54, 83)",1,"(54, 57)",0
33708,cover green all,"(88, 76)",1,"(104, 48)",1,"(87, 68)",0,"(54, 83)",0
33708,clear nocolor C2,"(88, 48)",1,"(91, 83)",0,"(54, 56)",0,"(89, 63)",1
33708,fill nocolor B2,"(89, 63)",1,"(88, 77)",0,"(67, 83)",1,"(67, 83)",1
33708,cover red all,"(81, 73)",1,"(78, 56)",-1,"(104, 83)",1,"(79, 70)",0
33708,uncover blue all,"(67, 73)",1,"(91, 36)",-1,"(72, 71)",0,"(72, 55)",1
33708,move blue B1,"(54, 73)",1,"(79, 56)",0,"(54, 76)",1,"(54, 56)",1
51325,fill nocolor B2,"(74, 65)",1,"(89, 82)",1,"(106, 94)",0,"('none', 'none')",0
51325,uncover green all,"(83, 81)",1,"(67, 77)",0,"(80, 77)",0,"('none', 'none')",0
51325,cover red all,"(99, 82)",1,"(99, 82)",1,"(60, 57)",0,"('none', 'none')",0
51325,move red B,"(95, 79)",1,"(83, 94)",0,"(74, 69)",1,"('none', 'none')",0
51325,clear nocolor A1,"(74, 88)",1,"(100, 42)",0,"(80, 71)",0,"('none', 'none')",0
51325,clear nocolor A,"(74, 81)",1,"(89, 62)",0,"(74, 94)",0,"('none', 'none')",0
51325,move green C2,"(104, 69)",1,"(102, 94)",0,"(67, 57)",-1,"('none', 'none')",0
51325,fill nocolor C2,"(72, 69)",1,"(102, 81)",0,"(83, 77)",0,"('none', 'none')",0
51325,cover green all,"(89, 88)",1,"(97, 62)",1,"(99, 65)",1,"(80, 86)",1
51325,uncover blue all,"(87, 77)",1,"(83, 57)",-1,"(97, 57)",-1,"('none', 'none')",0
42292,fill nocolor C1,"(89, 84)",1,"(76, 98)",0,"(65, 58)",0,"('none', 'none')",0
42292,move blue A2,"(85, 47)",1,"(91, 70)",-1,"(105, 43)",0,"('none', 'none')",0
42292,uncover blue all,"(85, 74)",1,"(75, 81)",1,"(89, 80)",1,"('none', 'none')",0
42292,cover green all,"(105, 81)",1,"(99, 87)",0,"(60, 87)",0,"(60, 80)",0
42292,fill nocolor C2,"(76, 71)",1,"(76, 70)",1,"(102, 67)",0,"('none', 'none')",0
42292,uncover green all,"(82, 77)",1,"(76, 68)",0,"(85, 87)",0,"(65, 68)",1
42292,clear nocolor B,"(61, 71)",1,"(60, 98)",0,"(89, 58)",0,"('none', 'none')",0
42292,move blue C,"(75, 84)",1,"(76, 84)",1,"(100, 73)",0,"('none', 'none')",0
42292,clear nocolor A1,"(92, 47)",1,"(60, 72)",-1,"(99, 98)",0,"(75, 98)",0
42292,cover red all,"(82, 77)",1,"(88, 71)",1,"(73, 43)",0,"(93, 72)",0
43580,fill nocolor A1,"(75, 54)",1,"(96, 45)",0,"(98, 57)",0,"(63, 85)",0
43580,move green C1,"(75, 86)",1,"(107, 78)",0,"(63, 67)",1,"(82, 67)",0
43580,clear nocolor C,"(88, 46)",1,"(96, 56)",0,"(74, 85)",-1,"(102, 79)",1
43580,uncover blue all,"(76, 101)",1,"(74, 69)",1,"(72, 69)",1,"(76, 68)",1
43580,cover green all,"(74, 70)",1,"(77, 58)",1,"(104, 70)",1,"(73, 70)",1
43580,uncover red all,"(63, 78)",1,"(98, 54)",-1,"(63, 80)",1,"(87, 66)",1
43580,cover blue all,"(107, 58)",0,"(104, 66)",1,"(77, 101)",-1,"(98, 78)",1
43580,move red C,"(64, 59)",0,"(73, 58)",0,"(73, 86)",1,"(72, 86)",1
43580,fill nocolor B1,"(84, 78)",1,"(96, 66)",-1,"(81, 56)",0,"(64, 58)",0
43580,clear nocolor B2,"(63, 80)",1,"(64, 55)",1,"(63, 56)",1,"(63, 70)",1
14189,move red A,"(79, 66)",1,"(92, 70)",0,"('none', 'none')",0,"(76, 61)",-1
14189,fill nocolor A2,"(83, 58)",1,"(84, 80)",0,"(88, 50)",0,"(83, 40)",1
14189,move green A1,"(68, 72)",1,"(84, 87)",0,"(105, 80)",0,"(75, 56)",0
14189,uncover red all,"(76, 63)",1,"(83, 63)",1,"(75, 70)",1,"(88, 77)",0
14189,clear nocolor C,"(89, 77)",1,"(105, 57)",1,"(84, 78)",1,"(84, 65)",1
14189,cover green all,"(83, 50)",1,"(81, 78)",0,"(67, 105)",0,"(75, 74)",1
14189,uncover blue all,"(68, 72)",1,"(75, 49)",-1,"(76, 32)",-1,"(92, 73)",0
14189,clear nocolor A2,"(75, 80)",1,"(75, 77)",0,"(79, 71)",0,"(74, 77)",0
14189,fill nocolor C2,"(76, 70)",1,"(84, 70)",1,"(84, 69)",1,"(96, 65)",0
14189,cover red all,"(92, 72)",1,"(100, 65)",1,"(81, 71)",0,"(68, 69)",0
19737,uncover green all,"(55, 89)",1,"(55, 54)",1,"(81, 37)",-1,"('none', 'none')",0
19737,clear nocolor A,"(74, 42)",1,"(59, 42)",1,"(81, 65)",0,"('none', 'none')",0
19737,cover green all,"(75, 56)",1,"(102, 86)",1,"(60, 56)",1,"(60, 80)",1
19737,move red B1,"(85, 76)",0,"(107, 37)",-1,"(74, 65)",1,"('none', 'none')",0
19737,fill nocolor B1,"(55, 79)",1,"(104, 57)",0,"(75, 76)",0,"('none', 'none')",0
19737,uncover red all,"(74, 86)",1,"(87, 106)",1,"(83, 106)",0,"('none', 'none')",0
19737,move green C1,"(60, 86)",1,"(59, 67)",1,"(98, 42)",0,"('none', 'none')",0
19737,cover blue all,"(104, 79)",1,"(83, 67)",0,"(74, 54)",0,"('none', 'none')",0
19737,fill nocolor C2,"(104, 106)",1,"(87, 37)",-1,"(102, 80)",0,"('none', 'none')",0
19737,clear nocolor A1,"(55, 82)",1,"(81, 80)",0,"(74, 65)",1,"('none', 'none')",0
56864,clear nocolor C,"(103, 74)",1,"(87, 85)",0,"(63, 85)",0,"('none', 'none')",0
56864,move red C1,"(98, 66)",1,"(92, 66)",1,"(75, 54)",0,"('none', 'none')",0
56864,uncover blue all,"(84, 54)",1,"(82, 58)",1,"(102, 71)",0,"('none', 'none')",0
56864,clear nocolor B,"(81, 69)",1,"(81, 66)",1,"(89, 74)",0,"('none', 'none')",0
56864,fill nocolor A2,"(91, 77)",1,"(72, 58)",1,"(61, 68)",0,"('none', 'none')",0
56864,cover red all,"(72, 58)",1,"(103, 42)",1,"(75, 80)",1,"('none', 'none')",0
56864,fill nocolor B1,"(76, 43)",1,"(92, 80)",1,"(76, 42)",1,"('none', 'none')",0
56864,uncover red all,"(61, 73)",1,"(92, 63)",0,"(106, 61)",0,"('none', 'none')",0
56864,cover blue all,"(75, 43)",1,"(91, 43)",1,"(81, 88)",0,"('none', 'none')",0
56864,move red B,"(87, 42)",1,"(60, 63)",0,"(86, 88)",0,"('none', 'none')",0
66473,cover red all,"(85, 71)",1,"(85, 72)",0,"(79, 65)",-1,"(105, 61)",0
66473,fill nocolor B2,"(73, 65)",1,"(90, 50)",0,"(79, 80)",0,"('none', 'none')",0
66473,uncover red all,"(78, 77)",1,"(90, 82)",0,"(79, 71)",0,"('none', 'none')",0
66473,fill nocolor C1,"(81, 67)",1,"(93, 65)",0,"(90, 49)",1,"('none', 'none')",0
66473,move blue B,"(94, 75)",0,"(89, 87)",-1,"(81, 76)",0,"('none', 'none')",0
66473,move blue A,"(79, 77)",1,"(78, 87)",-1,"(94, 87)",-1,"('none', 'none')",0
66473,uncover green all,"(73, 65)",1,"(92, 65)",0,"(95, 63)",0,"('none', 'none')",0
66473,clear nocolor A1,"(73, 82)",1,"(93, 77)",0,"(95, 82)",0,"('none', 'none')",0
66473,clear nocolor C,"(88, 65)",1,"(94, 70)",-1,"(81, 55)",0,"('none', 'none')",0
66473,cover blue all,"(93, 82)",1,"(89, 82)",1,"(89, 70)",0,"(94, 73)",0
67590,cover green all,"(107, 75)",1,"(101, 64)",1,"(68, 80)",0,"('none', 'none')",0
67590,move blue C2,"(82, 51)",1,"(85, 54)",0,"(92, 98)",1,"('none', 'none')",0
67590,clear nocolor B,"(81, 54)",1,"(81, 75)",1,"(82, 80)",0,"('none', 'none')",0
67590,uncover red all,"(77, 102)",1,"(55, 54)",1,"(79, 75)",1,"('none', 'none')",0
67590,fill nocolor B2,"(85, 63)",1,"(92, 64)",1,"(81, 50)",-1,"('none', 'none')",0
67590,clear nocolor C,"(88, 54)",1,"(107, 61)",1,"(69, 50)",0,"('none', 'none')",0
67590,move red C1,"(77, 70)",1,"(77, 75)",1,"(68, 49)",0,"('none', 'none')",0
67590,fill nocolor C2,"(85, 89)",1,"(85, 51)",1,"(76, 102)",0,"('none', 'none')",0
67590,uncover blue all,"(82, 67)",1,"(76, 37)",1,"(98, 96)",0,"('none', 'none')",0
67590,cover blue all,"(107, 74)",1,"(93, 59)",1,"(72, 50)",0,"('none', 'none')",0
97388,uncover green all,"(73, 102)",1,"(73, 71)",0,"(72, 51)",0,"('none', 'none')",0
97388,cover red all,"(88, 77)",1,"(99, 46)",1,"(69, 40)",1,"(92, 98)",0
97388,move blue B,"(68, 81)",1,"(88, 51)",0,"(73, 78)",0,"('none', 'none')",0
97388,cover blue all,"(75, 83)",1,"(99, 83)",1,"(68, 51)",-1,"('none', 'none')",0
97388,move blue C,"(92, 85)",1,"(89, 61)",-1,"(88, 67)",0,"('none', 'none')",0
97388,fill nocolor B1,"(58, 78)",1,"(64, 98)",1,"(76, 43)",1,"('none', 'none')",0
97388,clear nocolor B,"(96, 40)",1,"(89, 83)",-1,"(82, 85)",1,"('none', 'none')",0
97388,uncover red all,"(64, 78)",1,"(103, 57)",-1,"(75, 40)",0,"(92, 79)",0
97388,clear nocolor C2,"(89, 102)",1,"(69, 74)",1,"(87, 81)",1,"('none', 'none')",0
97388,fill nocolor C2,"(75, 71)",1,"(95, 71)",1,"(92, 46)",0,"('none', 'none')",0
26365,uncover green all,"(65, 55)",1,"(79, 60)",1,"(75, 84)",-1,"(100, 61)",-1
26365,clear nocolor C,"(105, 94)",1,"(104, 59)",1,"(54, 82)",0,"('none', 'none')",0
26365,uncover red all,"(88, 82)",1,"(78, 54)",1,"(72, 55)",0,"('none', 'none')",0
26365,move green A2,"(65, 55)",1,"(79, 59)",1,"(67, 56)",1,"(65, 55)",1
26365,cover red all,"(100, 49)",1,"(100, 62)",1,"(97, 49)",1,"(75, 49)",1
26365,move red B2,"(77, 82)",1,"(107, 47)",1,"(88, 61)",1,"('none', 'none')",0
26365,fill nocolor B2,"(78, 82)",1,"(75, 47)",1,"(74, 81)",1,"('none', 'none')",0
26365,fill nocolor C1,"(65, 49)",1,"(80, 86)",1,"(104, 66)",0,"('none', 'none')",0
26365,cover blue all,"(102, 70)",1,"(102, 59)",1,"(104, 61)",0,"(75, 105)",-1
26365,clear nocolor A2,"(77, 86)",1,"(77, 47)",1,"(74, 55)",0,"('none', 'none')",0
62686,fill nocolor C2,"(81, 51)",1,"(90, 61)",0,"(88, 75)",0,"('none', 'none')",0
62686,fill nocolor A2,"(98, 76)",1,"(102, 76)",1,"(91, 80)",0,"('none', 'none')",0
62686,uncover blue all,"(68, 63)",1,"(85, 59)",0,"(85, 65)",1,"('none', 'none')",0
62686,move green A,"(68, 72)",1,"(98, 59)",1,"(73, 76)",0,"('none', 'none')",0
62686,move red C,"(93, 51)",1,"(90, 88)",1,"(93, 92)",0,"('none', 'none')",0
62686,cover green all,"(81, 65)",1,"(81, 80)",1,"(73, 67)",-1,"('none', 'none')",0
62686,clear nocolor B2,"(64, 76)",1,"(69, 92)",0,"(71, 84)",0,"('none', 'none')",0
62686,uncover red all,"(81, 67)",1,"(81, 96)",1,"(69, 65)",0,"('none', 'none')",0
62686,clear nocolor A,"(73, 80)",1,"(68, 67)",0,"(79, 63)",0,"('none', 'none')",0
62686,cover blue all,"(79, 84)",1,"(90, 55)",1,"(55, 96)",0,"('none', 'none')",0
31601,move red B,"(92, 81)",1,"(72, 74)",0,"(82, 81)",0,"('none', 'none')",0
31601,uncover green all,"(96, 98)",0,"(86, 98)",0,"(87, 107)",0,"('none', 'none')",0
31601,uncover red all,"(88, 67)",1,"(58, 81)",0,"(106, 40)",0,"('none', 'none')",0
31601,cover blue all,"(75, 64)",1,"(88, 69)",1,"(72, 68)",0,"('none', 'none')",0
31601,cover green all,"(58, 70)",1,"(92, 98)",0,"(73, 70)",0,"('none', 'none')",0
31601,clear nocolor C,"(86, 55)",1,"(65, 70)",-1,"(77, 57)",0,"('none', 'none')",0
31601,fill nocolor C2,"(58, 107)",1,"(97, 81)",0,"(87, 74)",-1,"('none', 'none')",0
31601,clear nocolor B,"(99, 68)",1,"(58, 81)",-1,"(82, 98)",0,"('none', 'none')",0
31601,fill nocolor B1,"(88, 79)",1,"(72, 47)",0,"(84, 78)",1,"('none', 'none')",0
31601,move blue C,"(77, 66)",1,"(77, 69)",1,"(86, 56)",0,"('none', 'none')",0
67505,fill nocolor B1,"(99, 42)",1,"(92, 42)",1,"(99, 89)",0,"('none', 'none')",0
67505,uncover blue all,"(77, 74)",1,"(55, 61)",1,"(95, 74)",1,"('none', 'none')",0
67505,uncover red all,"(60, 105)",1,"(86, 42)",0,"(75, 47)",0,"(77, 85)",-1
67505,fill nocolor A1,"(88, 74)",1,"(107, 54)",1,"(60, 70)",0,"(103, 64)",0
67505,cover blue all,"(103, 68)",1,"(82, 47)",1,"(92, 81)",0,"('none', 'none')",0
67505,cover green all,"(103, 74)",1,"(72, 59)",0,"(103, 102)",0,"('none', 'none')",0
67505,move green C,"(75, 70)",1,"(79, 105)",1,"(92, 81)",0,"(88, 87)",0
67505,clear nocolor A2,"(76, 89)",1,"(75, 68)",1,"(98, 59)",-1,"('none', 'none')",0
67505,move red C2,"(60, 64)",1,"(79, 105)",1,"(92, 87)",0,"(55, 102)",1
67505,clear nocolor C,"(107, 58)",1,"(55, 47)",0,"(104, 102)",0,"('none', 'none')",0
39232,uncover blue all,"(66, 64)",1,"(71, 36)",-1,"(72, 85)",2,"(101, 53)",-1
39232,clear nocolor B,"(78, 85)",1,"(95, 48)",0,"(105, 48)",0,"('none', 'none')",0
39232,move blue B,"(86, 81)",1,"(73, 64)",0,"(86, 53)",0,"(75, 80)",1
39232,fill nocolor A2,"(82, 40)",1,"(86, 77)",1,"(66, 68)",0,"('none', 'none')",0
39232,uncover green all,"(82, 48)",1,"(66, 57)",0,"(71, 57)",1,"('none', 'none')",0
39232,cover red all,"(106, 36)",1,"(74, 36)",1,"(86, 55)",-1,"(103, 64)",0
39232,move green C,"(54, 85)",1,"(97, 57)",0,"(97, 36)",-1,"('none', 'none')",0
39232,clear nocolor B1,"(78, 64)",1,"(66, 53)",0,"(103, 105)",0,"('none', 'none')",0
39232,fill nocolor B2,"(54, 81)",1,"(75, 81)",1,"(103, 83)",1,"('none', 'none')",0
39232,cover green all,"(73, 56)",1,"(99, 83)",1,"(97, 56)",1,"('none', 'none')",0
36524,uncover blue all,"(72, 74)",1,"(72, 74)",1,"(79, 77)",0,"(100, 65)",0
36524,fill nocolor A2,"(79, 88)",0,"(72, 76)",1,"(89, 65)",0,"(93, 61)",-1
36524,move blue A1,"(60, 75)",1,"(60, 76)",1,"(83, 54)",0,"(100, 80)",0
36524,clear nocolor C,"(89, 75)",1,"(72, 75)",0,"(73, 74)",0,"(104, 76)",1
36524,cover green all,"(89, 42)",1,"(105, 65)",1,"(60, 76)",0,"(77, 88)",0
36524,move green A2,"(84, 61)",0,"(60, 80)",0,"(60, 80)",0,"(60, 82)",0
36524,clear nocolor B,"(60, 49)",1,"(89, 66)",0,"(104, 88)",0,"(78, 59)",1
36524,fill nocolor B2,"(60, 63)",1,"(79, 82)",1,"(60, 75)",0,"(60, 66)",0
36524,cover red all,"(104, 74)",1,"(83, 76)",1,"(60, 88)",0,"(60, 72)",0
36524,uncover red all,"(60, 75)",0,"(89, 88)",1,"(92, 73)",0,"(54, 76)",0
78276,cover blue all,"(67, 70)",1,"(90, 37)",1,"(84, 72)",0,"('none', 'none')",0
78276,uncover red all,"(83, 107)",1,"(88, 42)",1,"(83, 64)",1,"('none', 'none')",0
78276,move red C,"(76, 49)",1,"(83, 107)",1,"(83, 42)",1,"(80, 42)",1
78276,clear nocolor B1,"(97, 49)",1,"(97, 49)",1,"(78, 74)",1,"('none', 'none')",0
78276,uncover blue all,"(67, 81)",1,"(76, 79)",1,"(60, 81)",1,"('none', 'none')",0
78276,cover green all,"(55, 42)",1,"(97, 42)",1,"(67, 69)",-1,"('none', 'none')",0
78276,clear nocolor A2,"(95, 62)",1,"(95, 66)",1,"(75, 92)",1,"(67, 69)",0
78276,fill nocolor A2,"(99, 58)",1,"(97, 58)",1,"(90, 92)",0,"('none', 'none')",0
78276,fill nocolor C2,"(97, 69)",1,"(55, 70)",1,"(97, 77)",0,"(67, 42)",0
78276,move green C1,"(87, 92)",1,"(87, 70)",1,"(78, 86)",1,"('none', 'none')",0
99977,move green B,"(87, 101)",1,"(103, 60)",1,"(76, 85)",-1,"(90, 30)",0
99977,cover red all,"(93, 38)",1,"(93, 38)",1,"(66, 72)",0,"(64, 101)",0
99977,fill nocolor C1,"(70, 85)",1,"(97, 86)",1,"(88, 86)",1,"(87, 60)",0
99977,cover green all,"(56, 75)",1,"(76, 69)",1,"(82, 58)",0,"(82, 107)",0
99977,uncover green all,"(77, 38)",1,"(103, 48)",0,"(78, 72)",1,"(80, 101)",1
99977,uncover blue all,"(56, 52)",1,"(81, 48)",1,"(87, 48)",1,"(80, 86)",0
99977,clear nocolor B2,"(81, 60)",1,"(81, 60)",1,"(81, 86)",1,"(56, 30)",0
99977,fill nocolor A2,"(97, 59)",1,"(97, 101)",0,"(70, 41)",1,"(80, 101)",0
99977,clear nocolor A,"(56, 101)",1,"(73, 79)",1,"(103, 62)",0,"(74, 60)",1
99977,move blue C,"(81, 48)",1,"(56, 107)",1,"(82, 72)",1,"(76, 52)",0
50905,cover green all,"(94, 64)",1,"(78, 74)",1,"(77, 57)",1,"(89, 67)",-1
50905,cover red all,"(75, 84)",1,"(78, 76)",1,"(83, 73)",1,"(72, 65)",0
50905,clear nocolor A,"(75, 62)",1,"(94, 69)",1,"(102, 61)",0,"(92, 88)",1
50905,uncover red all,"(85, 74)",1,"(85, 88)",1,"(71, 60)",1,"(106, 64)",0
50905,clear nocolor C1,"(85, 73)",1,"(85, 88)",1,"(71, 54)",0,"(77, 74)",0
50905,fill nocolor C1,"(75, 67)",1,"(92, 84)",1,"(78, 67)",1,"(82, 59)",0
50905,fill nocolor B2,"(71, 65)",1,"(102, 63)",1,"(71, 54)",0,"(97, 57)",0
50905,move blue B,"(71, 62)",1,"(75, 67)",1,"(71, 61)",1,"(92, 62)",0
50905,uncover blue all,"(78, 74)",1,"(78, 74)",1,"(75, 86)",1,"(81, 73)",0
50905,move red B2,"(71, 65)",1,"(85, 63)",1,"(71, 65)",1,"(71, 62)",1
75842,cover blue all,"(73, 51)",1,"(74, 41)",1,"(73, 84)",1,"('none', 'none')",0
75842,fill nocolor B1,"(104, 96)",1,"(59, 62)",1,"(74, 55)",0,"(69, 85)",0
75842,cover green all,"(82, 85)",1,"(107, 47)",1,"(80, 84)",0,"(80, 96)",0
75842,clear nocolor A,"(59, 88)",1,"(73, 64)",1,"(74, 64)",1,"('none', 'none')",0
75842,clear nocolor C,"(102, 55)",1,"(103, 76)",1,"(104, 47)",1,"(104, 96)",1
75842,fill nocolor A1,"(102, 56)",1,"(99, 55)",1,"(73, 96)",-1,"('none', 'none')",0
75842,move blue C2,"(65, 56)",1,"(65, 62)",1,"(102, 51)",1,"(79, 64)",0
75842,move blue C,"(79, 89)",1,"(65, 88)",1,"(69, 62)",-1,"(97, 84)",1
75842,uncover green all,"(69, 76)",1,"(73, 61)",1,"(102, 54)",0,"('none', 'none')",0
75842,uncover red all,"(59, 64)",1,"(59, 96)",1,"(74, 89)",1,"(69, 85)",1
49589,uncover blue all,"(75, 38)",0,"(56, 65)",1,"(104, 54)",0,"(58, 91)",0
49589,uncover green all,"(81, 59)",0,"(106, 86)",0,"(74, 73)",1,"('none', 'none')",0
49589,move red B1,"(104, 59)",0,"(81, 60)",1,"(74, 86)",-1,"('none', 'none')",0
49589,clear nocolor B1,"(78, 91)",1,"(105, 57)",0,"(98, 47)",1,"(78, 63)",1
49589,clear nocolor B2,"(82, 62)",1,"(81, 57)",1,"(58, 61)",0,"('none', 'none')",0
49589,move red A2,"(105, 84)",0,"(104, 85)",0,"(74, 85)",0,"('none', 'none')",0
49589,fill nocolor C2,"(81, 88)",1,"(104, 88)",1,"(72, 91)",0,"('none', 'none')",0
49589,cover green all,"(82, 87)",1,"(105, 54)",1,"(82, 36)",0,"(78, 87)",0
49589,fill nocolor A2,"(107, 57)",1,"(78, 61)",0,"(107, 59)",1,"('none', 'none')",0
49589,cover blue all,"(58, 61)",1,"(105, 64)",1,"(56, 62)",0,"('none', 'none')",0
53463,fill nocolor A1,"(75, 54)",1,"(102, 54)",1,"(106, 89)",0,"('none', 'none')",0
53463,fill nocolor C1,"(80, 67)",1,"(96, 84)",1,"(99, 89)",0,"(77, 66)",1
53463,clear nocolor A,"(75, 68)",1,"(94, 47)",1,"(94, 56)",0,"(65, 76)",-1
53463,clear nocolor C2,"(107, 37)",1,"(106, 37)",1,"(106, 37)",1,"('none', 'none')",0
53463,move green A1,"(99, 54)",1,"(85, 54)",1,"(64, 97)",0,"('none', 'none')",0
53463,move red C2,"(74, 81)",1,"(85, 54)",1,"(65, 69)",1,"('none', 'none')",0
53463,uncover red all,"(86, 62)",1,"(64, 76)",1,"(82, 76)",2,"('none', 'none')",0
53463,cover red all,"(72, 88)",1,"(94, 37)",1,"(65, 76)",0,"('none', 'none')",0
53463,cover blue all,"(86, 57)",1,"(107, 78)",1,"(86, 87)",1,"('none', 'none')",0
53463,uncover blue all,"(65, 56)",1,"(75, 67)",1,"(105, 47)",-1,"('none', 'none')",0
27371,move green A,"(78, 77)",1,"(78, 75)",1,"(93, 62)",-1,"('none', 'none')",0
27371,cover blue all,"(72, 52)",1,"(65, 45)",1,"(103, 60)",1,"(91, 43)",0
27371,move red C2,"(58, 52)",1,"(105, 54)",-1,"(78, 73)",-1,"('none', 'none')",0
27371,fill nocolor B2,"(107, 47)",1,"(61, 47)",1,"(103, 84)",0,"('none', 'none')",0
27371,clear nocolor B,"(63, 85)",1,"(70, 40)",0,"(65, 77)",1,"('none', 'none')",0
27371,uncover green all,"(78, 92)",1,"(63, 43)",0,"(61, 47)",0,"('none', 'none')",0
27371,uncover red all,"(70, 45)",1,"(58, 52)",-1,"(61, 47)",1,"('none', 'none')",0
27371,cover red all,"(61, 40)",1,"(105, 89)",1,"(63, 87)",0,"(78, 87)",0
27371,clear nocolor A,"(93, 85)",1,"(82, 45)",0,"(103, 52)",0,"(103, 84)",0
27371,fill nocolor B1,"(107, 43)",1,"(103, 45)",0,"(90, 40)",0,"(90, 64)",0
20272,fill nocolor C2,"(94, 52)",1,"(72, 65)",0,"(94, 50)",0,"('none', 'none')",0
20272,move red C1,"(97, 68)",1,"(98, 89)",0,"(95, 76)",-1,"('none', 'none')",0
20272,cover green all,"(102, 57)",1,"(102, 68)",1,"(86, 57)",1,"('none', 'none')",0
20272,clear nocolor A2,"(81, 60)",0,"(105, 63)",0,"(95, 36)",1,"('none', 'none')",0
20272,clear nocolor C1,"(72, 68)",-1,"(86, 89)",1,"(94, 82)",0,"('none', 'none')",0
20272,cover blue all,"(100, 54)",1,"(73, 65)",1,"(91, 80)",1,"('none', 'none')",0
20272,move red A1,"(86, 77)",0,"(105, 76)",-1,"(67, 38)",1,"('none', 'none')",0
20272,uncover green all,"(70, 60)",1,"(102, 60)",0,"(67, 76)",1,"('none', 'none')",0
20272,fill nocolor B2,"(74, 63)",1,"(98, 77)",0,"(74, 80)",0,"('none', 'none')",0
20272,uncover blue all,"(67, 56)",1,"(78, 79)",1,"(67, 76)",1,"('none', 'none')",0
19487,cover red all,"(106, 61)",1,"(72, 38)",1,"(85, 99)",-1,"('none', 'none')",0
19487,move green C,"(73, 67)",1,"(56, 94)",1,"(100, 66)",0,"('none', 'none')",0
19487,cover green all,"(106, 67)",1,"(75, 54)",1,"(104, 54)",1,"('none', 'none')",0
19487,uncover blue all,"(56, 86)",1,"(78, 61)",1,"(78, 86)",1,"('none', 'none')",0
19487,fill nocolor A2,"(104, 94)",1,"(100, 94)",1,"(79, 59)",1,"('none', 'none')",0
19487,fill nocolor B1,"(56, 60)",1,"(102, 60)",1,"(105, 43)",1,"('none', 'none')",0
19487,clear nocolor A2,"(77, 82)",1,"(62, 82)",0,"(89, 54)",0,"(65, 43)",0
19487,move red A1,"(77, 38)",1,"(89, 38)",1,"(74, 94)",0,"('none', 'none')",0
19487,uncover green all,"(79, 47)",1,"(56, 44)",0,"(62, 59)",1,"('none', 'none')",0
19487,clear nocolor C2,"(105, 61)",1,"(106, 67)",1,"(85, 60)",0,"('none', 'none')",0
20340,fill nocolor C2,"(75, 88)",1,"(81, 80)",0,"(75, 80)",0,"('none', 'none')",0
20340,move blue B,"(89, 57)",1,"(104, 61)",0,"(69, 46)",1,"('none', 'none')",0
20340,clear nocolor A2,"(77, 84)",1,"(75, 63)",1,"(77, 92)",1,"('none', 'none')",0
20340,uncover red all,"(64, 55)",1,"(64, 67)",1,"(69, 63)",1,"('none', 'none')",0
20340,uncover blue all,"(79, 80)",1,"(104, 59)",-1,"(98, 86)",0,"(79, 86)",1
20340,clear nocolor B2,"(64, 61)",1,"(104, 61)",0,"(89, 88)",0,"('none', 'none')",0
20340,cover blue all,"(101, 55)",1,"(89, 88)",-1,"(75, 92)",0,"('none', 'none')",0
20340,move green C,"(79, 88)",1,"(76, 92)",1,"(79, 86)",1,"('none', 'none')",0
20340,cover green all,"(89, 80)",1,"(75, 54)",1,"(81, 53)",-1,"('none', 'none')",0
20340,fill nocolor C1,"(69, 84)",1,"(73, 58)",0,"(81, 92)",0,"('none', 'none')",0
68825,uncover blue all,"(56, 80)",1,"(56, 80)",1,"(103, 58)",-1,"('none', 'none')",0
68825,clear nocolor C,"(103, 38)",1,"(102, 60)",1,"(102, 47)",1,"('none', 'none')",0
68825,cover blue all,"(76, 84)",1,"(90, 38)",1,"(107, 84)",1,"('none', 'none')",0
68825,move green A,"(107, 57)",1,"(65, 72)",1,"(79, 59)",1,"('none', 'none')",0
68825,fill nocolor A2,"(65, 57)",1,"(107, 81)",0,"(73, 59)",1,"('none', 'none')",0
68825,fill nocolor C2,"(65, 89)",1,"(75, 70)",1,"(56, 71)",1,"('none', 'none')",0
68825,uncover green all,"(56, 81)",1,"(65, 68)",1,"(107, 77)",0,"('none', 'none')",0
68825,cover red all,"(100, 72)",1,"(88, 72)",1,"(56, 85)",1,"('none', 'none')",0
68825,move red B1,"(76, 55)",1,"(76, 68)",1,"(76, 80)",1,"('none', 'none')",0
68825,clear nocolor C1,"(103, 60)",1,"(103, 89)",1,"(73, 47)",0,"('none', 'none')",0
13662,cover green all,"(76, 42)",1,"(103, 86)",1,"(73, 57)",0,"(75, 89)",0
13662,uncover red all,"(84, 79)",1,"(84, 86)",1,"(60, 77)",0,"(104, 85)",0
13662,cover blue all,"(97, 89)",1,"(73, 86)",-1,"(95, 42)",0,"(56, 45)",1
13662,clear nocolor A1,"(73, 80)",1,"(98, 87)",0,"('none', 'none')",0,"(60, 58)",0
13662,clear nocolor C,"(104, 57)",1,"(103, 66)",0,"(102, 58)",1,"(104, 77)",1
13662,fill nocolor A2,"(107, 58)",1,"(95, 106)",-1,"(90, 87)",0,"(105, 86)",0
13662,move green A2,"(63, 55)",1,"(107, 38)",-1,"(83, 86)",0,"(83, 86)",0
13662,uncover blue all,"(73, 77)",1,"(84, 65)",0,"(76, 88)",1,"(60, 55)",0
13662,fill nocolor C2,"(103, 87)",1,"(107, 85)",-1,"(64, 86)",0,"(60, 87)",1
13662,move green C,"(56, 87)",1,"(60, 79)",0,"(82, 106)",0,"(84, 106)",0
29690,fill nocolor C1,"(106, 68)",1,"(77, 68)",1,"(79, 68)",1,"(106, 42)",0
29690,cover red all,"(54, 44)",1,"(100, 44)",1,"(85, 59)",0,"(105, 99)",0
29690,clear nocolor C2,"(106, 37)",1,"(105, 84)",1,"(54, 66)",0,"(107, 58)",1
29690,uncover blue all,"(54, 92)",1,"(76, 84)",1,"(89, 87)",0,"(54, 42)",1
29690,uncover red all,"(62, 99)",1,"(79, 36)",1,"(101, 68)",0,"(93, 99)",1
29690,fill nocolor C2,"(85, 37)",0,"(62, 99)",0,"(79, 71)",1,"(86, 82)",0
29690,cover blue all,"(100, 57)",1,"(100, 57)",1,"(54, 87)",-1,"(62, 42)",0
29690,clear nocolor C1,"(102, 57)",1,"(101, 92)",0,"(54, 83)",0,"(60, 81)",0
29690,move red A,"(75, 58)",0,"(62, 58)",1,"(79, 37)",1,"(78, 36)",1
29690,move red C,"(79, 88)",1,"(79, 87)",1,"(85, 88)",0,"(106, 59)",-1
92567,uncover green all,"(78, 86)",1,"(80, 45)",1,"(57, 77)",1,"('none', 'none')",0
92567,move red A,"(83, 39)",1,"(85, 39)",1,"(85, 71)",0,"('none', 'none')",0
92567,move green B1,"(76, 102)",1,"(104, 64)",0,"(107, 64)",0,"('none', 'none')",0
92567,clear nocolor A,"(72, 86)",1,"(76, 71)",1,"(85, 64)",0,"('none', 'none')",0
92567,fill nocolor A2,"(63, 39)",1,"(89, 58)",1,"(81, 77)",1,"('none', 'none')",0
92567,clear nocolor A2,"(57, 60)",1,"(76, 102)",1,"(83, 95)",-1,"('none', 'none')",0
92567,uncover blue all,"(79, 102)",1,"(79, 62)",1,"(72, 95)",0,"('none', 'none')",0
92567,cover blue all,"(73, 45)",1,"(105, 60)",1,"(60, 64)",0,"(85, 102)",0
92567,fill nocolor B2,"(57, 45)",1,"(80, 65)",1,"(63, 54)",-1,"('none', 'none')",0
92567,cover green all,"(63, 62)",1,"(106, 62)",1,"(103, 102)",0,"('none', 'none')",0
96815,move green B2,"(67, 55)",1,"(67, 101)",1,"(100, 83)",0,"(74, 82)",0
96815,uncover green all,"(78, 82)",1,"(84, 39)",1,"(78, 72)",1,"(67, 82)",1
96815,fill nocolor A2,"(78, 76)",1,"(90, 39)",1,"(67, 62)",0,"(78, 88)",0
96815,cover blue all,"(106, 62)",1,"(106, 72)",1,"(84, 62)",1,"(67, 89)",0
96815,clear nocolor A2,"(95, 88)",1,"(56, 62)",0,"(94, 39)",0,"(67, 69)",0
96815,move red C,"(81, 89)",1,"(57, 49)",1,"(73, 49)",1,"(78, 72)",0
96815,uncover red all,"(57, 38)",1,"(73, 38)",1,"(80, 54)",1,"(97, 54)",0
96815,clear nocolor B,"(78, 72)",1,"(97, 89)",1,"(96, 69)",1,"(56, 55)",0
96815,fill nocolor C2,"(94, 89)",1,"(95, 88)",1,"(104, 88)",1,"(84, 69)",1
96815,cover red all,"(107, 49)",1,"(106, 49)",1,"(67, 72)",0,"(96, 101)",0
85609,move blue B2,"(57, 66)",1,"(81, 97)",0,"(58, 83)",1,"('none', 'none')",0
85609,clear nocolor C1,"(84, 63)",1,"(95, 97)",0,"(57, 77)",0,"('none', 'none')",0
85609,clear nocolor B,"(81, 36)",1,"(73, 77)",0,"(98, 40)",1,"('none', 'none')",0
85609,cover red all,"(87, 55)",1,"(58, 39)",1,"(102, 69)",0,"('none', 'none')",0
85609,cover green all,"(58, 62)",1,"(103, 50)",1,"(80, 50)",1,"('none', 'none')",0
85609,fill nocolor A1,"(88, 55)",1,"(56, 97)",-1,"(80, 100)",0,"('none', 'none')",0
85609,move red A2,"(54, 100)",1,"(58, 100)",0,"(54, 83)",1,"('none', 'none')",0
85609,uncover green all,"(54, 100)",1,"(56, 96)",1,"(54, 100)",1,"('none', 'none')",0
85609,fill nocolor C2,"(57, 69)",1,"(84, 70)",1,"(86, 89)",1,"('none', 'none')",0
85609,uncover red all,"(88, 83)",1,"(87, 70)",-1,"(72, 69)",1,"('none', 'none')",0
26316,cover red all,"(77, 55)",1,"(93, 40)",1,"(58, 69)",1,"('none', 'none')",0
26316,clear nocolor C,"(84, 81)",1,"(103, 75)",1,"(79, 64)",0,"('none', 'none')",0
26316,uncover blue all,"(86, 64)",1,"(88, 69)",1,"(99, 85)",0,"('none', 'none')",0
26316,cover blue all,"(93, 78)",1,"(79, 78)",1,"(89, 81)",1,"('none', 'none')",0
26316,fill nocolor B2,"(87, 65)",1,"(88, 65)",1,"(58, 70)",0,"('none', 'none')",0
26316,uncover red all,"(87, 66)",1,"(73, 85)",1,"(87, 70)",1,"('none', 'none')",0
26316,fill nocolor A2,"(84, 59)",1,"(82, 40)",1,"(91, 40)",1,"('none', 'none')",0
26316,move green B2,"(58, 64)",1,"(103, 81)",1,"(98, 63)",0,"('none', 'none')",0
26316,clear nocolor B1,"(98, 85)",1,"(96, 71)",1,"(86, 36)",0,"('none', 'none')",0
26316,move red C1,"(58, 68)",1,"(72, 68)",1,"(82, 68)",1,"('none', 'none')",0
40168,fill nocolor B2,"(86, 81)",1,"(67, 100)",1,"(106, 57)",0,"(102, 68)",0
40168,fill nocolor A2,"(79, 76)",1,"(79, 76)",1,"(86, 61)",0,"(77, 65)",-1
40168,move green C,"(98, 74)",0,"(78, 81)",1,"(99, 74)",0,"(87, 59)",-1
40168,clear nocolor C2,"(106, 65)",1,"(79, 84)",0,"(71, 80)",1,"(71, 82)",1
40168,uncover green all,"(86, 74)",1,"(86, 88)",1,"(102, 80)",-1,"(71, 81)",1
40168,cover blue all,"(98, 36)",1,"(102, 69)",1,"(78, 88)",1,"('none', 'none')",0
40168,cover red all,"(102, 49)",1,"(71, 88)",-1,"(98, 84)",0,"('none', 'none')",0
40168,uncover blue all,"(67, 59)",1,"(102, 36)",-1,"(94, 59)",0,"(54, 74)",0
40168,clear nocolor B,"(106, 81)",-1,"(83, 69)",1,"(67, 68)",0,"(71, 68)",0
40168,move red A,"(87, 81)",1,"(77, 57)",0,"(98, 58)",0,"(98, 59)",0
51310,move green B,"(88, 42)",1,"(105, 42)",1,"(64, 105)",1,"('none', 'none')",0
51310,uncover green all,"(60, 81)",1,"(67, 42)",0,"(88, 91)",1,"('none', 'none')",0
51310,uncover red all,"(61, 62)",1,"(67, 66)",1,"(67, 66)",1,"('none', 'none')",0
51310,move blue B,"(74, 62)",1,"(74, 93)",0,"(77, 81)",1,"('none', 'none')",0
51310,clear nocolor C,"(67, 62)",1,"(88, 46)",1,"(105, 67)",1,"('none', 'none')",0
51310,fill nocolor C1,"(99, 49)",1,"(90, 93)",0,"(64, 89)",0,"('none', 'none')",0
51310,cover red all,"(88, 72)",1,"(88, 46)",1,"(86, 59)",-1,"('none', 'none')",0
51310,clear nocolor C2,"(88, 59)",1,"(74, 46)",0,"(106, 48)",1,"('none', 'none')",0
51310,cover green all,"(60, 87)",1,"(107, 87)",1,"(84, 93)",-1,"('none', 'none')",0
51310,fill nocolor C2,"(67, 70)",1,"(101, 70)",1,"(105, 68)",-1,"('none', 'none')",0
50933,fill nocolor B2,"(105, 89)",0,"(88, 64)",1,"(59, 54)",0,"(105, 60)",0
50933,move red A,"(82, 99)",1,"(82, 83)",1,"(68, 60)",1,"(107, 83)",0
50933,uncover red all,"(97, 50)",-1,"(68, 99)",1,"(68, 55)",1,"(88, 50)",-1
50933,clear nocolor B2,"(84, 62)",0,"(92, 54)",0,"(101, 62)",1,"(107, 73)",0
50933,fill nocolor C2,"(80, 87)",1,"(72, 58)",0,"(87, 75)",0,"(84, 75)",0
50933,cover green all,"(88, 50)",0,"(97, 41)",0,"(91, 41)",0,"(91, 83)",0
50933,uncover green all,"(91, 99)",0,"(105, 62)",-1,"(72, 75)",0,"(68, 89)",0
50933,move blue B,"(97, 54)",0,"(88, 62)",1,"(101, 50)",-1,"(107, 56)",0
50933,cover blue all,"(97, 66)",1,"(92, 49)",1,"(68, 82)",0,"(93, 41)",0
50933,clear nocolor A2,"(93, 49)",1,"(78, 74)",0,"(77, 60)",1,"(80, 87)",0
37196,move green A1,"(66, 74)",1,"(55, 74)",0,"(54, 88)",-1,"(76, 80)",0
37196,fill nocolor C2,"(82, 87)",1,"(76, 48)",0,"(66, 74)",0,"('none', 'none')",0
37196,clear nocolor A,"(55, 85)",1,"(75, 36)",0,"(81, 48)",0,"('none', 'none')",0
37196,cover blue all,"(105, 57)",1,"(66, 60)",0,"(84, 87)",0,"('none', 'none')",0
37196,uncover green all,"(82, 87)",1,"(54, 87)",0,"(98, 86)",0,"('none', 'none')",0
37196,fill nocolor A2,"(54, 57)",1,"(105, 61)",0,"(66, 57)",1,"('none', 'none')",0
37196,move blue C1,"(82, 104)",1,"(92, 61)",0,"(101, 87)",0,"('none', 'none')",0
37196,clear nocolor A1,"(92, 104)",1,"(101, 74)",-1,"(54, 88)",1,"('none', 'none')",0
37196,cover green all,"(75, 88)",1,"(82, 85)",-1,"(77, 83)",1,"(66, 89)",0
37196,uncover red all,"(66, 80)",1,"(105, 74)",0,"(98, 88)",0,"('none', 'none')",0
79463,uncover blue all,"(84, 65)",1,"(58, 64)",1,"(79, 64)",2,"(87, 89)",-1
79463,move blue A2,"(61, 78)",1,"(84, 77)",1,"(87, 80)",0,"(61, 40)",1
79463,fill nocolor C1,"(54, 86)",1,"(54, 66)",1,"(83, 64)",0,"(83, 73)",0
79463,clear nocolor B,"(83, 69)",1,"(82, 86)",1,"(79, 36)",1,"(79, 36)",1
79463,uncover red all,"(87, 78)",1,"(82, 65)",1,"(103, 77)",-1,"(98, 57)",0
79463,fill nocolor B1,"(103, 78)",1,"(54, 78)",1,"(82, 73)",0,"(82, 73)",0
79463,move red C,"(92, 69)",1,"(91, 70)",1,"(79, 67)",1,"(79, 67)",1
79463,clear nocolor A,"(95, 64)",1,"(58, 89)",1,"(91, 36)",0,"(61, 64)",0
79463,cover red all,"(98, 40)",1,"(107, 43)",1,"(72, 74)",1,"(103, 74)",1
79463,cover green all,"(82, 65)",1,"(95, 70)",1,"(79, 70)",1,"(79, 36)",1
27392,move blue A,"(88, 75)",1,"(84, 36)",1,"(88, 86)",0,"('none', 'none')",0
27392,fill nocolor B2,"(93, 65)",1,"(94, 65)",1,"(105, 98)",0,"('none', 'none')",0
27392,cover green all,"(85, 36)",1,"(97, 53)",1,"(81, 38)",0,"('none', 'none')",0
27392,uncover blue all,"(55, 59)",1,"(85, 53)",1,"(73, 67)",1,"('none', 'none')",0
27392,uncover green all,"(54, 59)",1,"(84, 79)",1,"(104, 36)",-1,"('none', 'none')",0
27392,move red B,"(54, 63)",1,"(54, 86)",1,"(84, 65)",0,"('none', 'none')",0
27392,clear nocolor A2,"(77, 37)",1,"(93, 66)",1,"(104, 53)",0,"('none', 'none')",0
27392,clear nocolor C1,"(104, 38)",1,"(104, 36)",1,"(83, 70)",0,"('none', 'none')",0
27392,fill nocolor C1,"(94, 67)",1,"(105, 67)",1,"(81, 82)",0,"('none', 'none')",0
27392,cover red all,"(71, 59)",1,"(104, 38)",1,"(101, 75)",0,"('none', 'none')",0
80393,cover blue all,"(101, 79)",1,"(74, 82)",1,"(74, 59)",0,"(89, 61)",0
80393,uncover red all,"(78, 82)",1,"(74, 79)",1,"(97, 98)",0,"('none', 'none')",0
80393,clear nocolor C2,"(88, 49)",1,"(87, 56)",1,"(105, 56)",1,"(73, 50)",0
80393,move green A1,"(68, 39)",1,"(73, 50)",-1,"(100, 60)",0,"(101, 79)",0
80393,cover green all,"(68, 49)",1,"(87, 71)",1,"(57, 82)",0,"('none', 'none')",0
80393,fill nocolor C2,"(102, 69)",1,"(102, 69)",1,"(67, 53)",1,"('none', 'none')",0
80393,fill nocolor A1,"(67, 72)",1,"(81, 55)",1,"(101, 84)",0,"('none', 'none')",0
80393,clear nocolor B,"(101, 55)",1,"(100, 39)",1,"(57, 78)",0,"('none', 'none')",0
80393,move green B2,"(89, 83)",1,"(97, 94)",0,"(68, 98)",1,"('none', 'none')",0
80393,uncover green all,"(68, 72)",1,"(73, 72)",1,"(74, 63)",-1,"('none', 'none')",0
94317,move blue B,"(76, 42)",1,"(79, 75)",0,"(89, 43)",0,"(61, 58)",0
94317,cover green all,"(84, 73)",1,"(101, 45)",1,"(84, 58)",1,"(101, 58)",1
94317,cover red all,"(80, 75)",1,"(80, 66)",1,"(84, 57)",0,"(84, 100)",0
94317,uncover red all,"(89, 62)",1,"(86, 42)",-1,"(63, 55)",1,"(101, 38)",0
94317,clear nocolor C,"(85, 38)",1,"(89, 106)",0,"(102, 45)",1,"(56, 61)",0
94317,fill nocolor C2,"(85, 105)",1,"(101, 71)",1,"(101, 73)",0,"(60, 38)",0
94317,clear nocolor B1,"(60, 66)",1,"(56, 105)",0,"(79, 27)",1,"(101, 67)",0
94317,fill nocolor A1,"(86, 54)",1,"(93, 45)",0,"(89, 106)",0,"(85, 83)",0
94317,move blue C,"(79, 67)",1,"(84, 68)",0,"(77, 75)",0,"(85, 71)",0
94317,uncover green all,"(86, 106)",1,"(76, 71)",-1,"(77, 42)",1,"(93, 59)",-1
70176,fill nocolor C1,"(73, 85)",1,"(58, 66)",1,"(71, 86)",1,"(106, 86)",1
70176,fill nocolor A1,"(82, 55)",1,"(63, 56)",1,"(75, 53)",0,"(88, 55)",1
70176,move blue A2,"(103, 77)",1,"(101, 86)",0,"(80, 40)",1,"(84, 97)",0
70176,clear nocolor A1,"(72, 45)",1,"(57, 55)",-1,"(63, 62)",0,"(57, 105)",0
70176,uncover blue all,"(84, 97)",1,"(74, 55)",1,"(82, 45)",0,"(57, 86)",1
70176,cover red all,"(101, 70)",1,"(95, 40)",1,"(80, 70)",1,"(104, 70)",1
70176,clear nocolor B2,"(101, 86)",1,"(104, 85)",0,"(80, 54)",0,"(63, 83)",0
70176,uncover green all,"(71, 70)",1,"(80, 64)",0,"(95, 86)",-1,"(71, 79)",1
70176,move red A,"(88, 54)",1,"(58, 45)",-1,"(89, 54)",0,"(80, 97)",0
70176,cover green all,"(58, 54)",1,"(103, 86)",1,"(63, 77)",1,"(92, 86)",1
53968,cover blue all,"(78, 57)",1,"(65, 62)",0,"(103, 57)",1,"(75, 88)",-1
53968,clear nocolor B1,"(78, 47)",1,"(78, 41)",1,"(73, 88)",0,"(103, 88)",0
53968,fill nocolor C1,"(80, 85)",1,"(73, 68)",1,"(74, 57)",0,"(83, 87)",0
53968,move green A1,"(100, 57)",0,"(58, 90)",1,"(63, 72)",1,"(63, 60)",0
53968,cover green all,"(80, 45)",1,"(58, 55)",1,"(73, 68)",0,"(86, 60)",1
53968,uncover blue all,"(65, 41)",1,"(75, 55)",1,"(65, 82)",1,"(74, 106)",1
53968,uncover green all,"(100, 106)",0,"(63, 82)",1,"(103, 57)",0,"(86, 57)",0
53968,move blue C1,"(80, 41)",1,"(80, 68)",1,"(74, 66)",1,"(59, 90)",0
53968,clear nocolor C,"(102, 57)",1,"(103, 45)",1,"(63, 57)",0,"(97, 87)",-1
53968,fill nocolor B1,"(74, 79)",1,"(86, 60)",1,"(58, 106)",0,"(74, 62)",1
73406,fill nocolor C2,"(74, 88)",1,"(66, 85)",0,"(73, 69)",1,"('none', 'none')",0
73406,cover red all,"(93, 82)",1,"(96, 61)",1,"(73, 78)",-1,"('none', 'none')",0
73406,move red A,"(98, 75)",1,"(87, 37)",1,"(96, 56)",0,"('none', 'none')",0
73406,uncover red all,"(83, 78)",1,"(55, 95)",1,"(68, 81)",1,"(68, 57)",1
73406,move blue A,"(68, 78)",0,"(96, 56)",0,"(68, 58)",1,"(101, 71)",-1
73406,clear nocolor A,"(93, 48)",1,"(93, 85)",1,"(68, 61)",0,"(94, 80)",1
73406,uncover blue all,"(72, 61)",1,"(66, 75)",1,"(87, 75)",1,"(96, 19)",0
73406,clear nocolor A1,"(72, 75)",1,"(72, 80)",1,"(68, 58)",0,"(100, 58)",0
73406,fill nocolor A1,"(66, 37)",1,"(87, 56)",1,"(66, 65)",0,"('none', 'none')",0
73406,cover blue all,"(103, 58)",1,"(55, 65)",1,"(68, 36)",0,"(68, 95)",0
16229,uncover red all,"(79, 88)",1,"(74, 36)",-1,"(54, 58)",1,"(91, 69)",0
16229,clear nocolor B2,"(82, 88)",1,"(80, 68)",0,"(86, 67)",0,"(74, 76)",0
16229,cover red all,"(89, 75)",1,"(86, 77)",1,"(93, 56)",1,"(79, 68)",-1
16229,cover blue all,"(94, 73)",1,"(96, 61)",1,"(54, 71)",0,"(73, 61)",0
16229,clear nocolor A,"(95, 48)",1,"(95, 99)",1,"(87, 65)",0,"(94, 99)",1
16229,uncover blue all,"(89, 67)",1,"(87, 88)",1,"(98, 75)",1,"(89, 18)",1
16229,move blue B2,"(66, 65)",1,"(82, 56)",-1,"(74, 65)",0,"(96, 65)",0
16229,fill nocolor A1,"(79, 36)",1,"(94, 67)",0,"(94, 48)",0,"(106, 71)",0
16229,fill nocolor B2,"(93, 64)",1,"(93, 99)",1,"(97, 75)",0,"(94, 69)",0
16229,move green A1,"(83, 76)",1,"(89, 62)",0,"(85, 18)",1,"(80, 56)",1
58601,uncover green all,"(68, 89)",1,"(68, 72)",1,"(70, 89)",1,"(94, 97)",1
58601,cover blue all,"(90, 50)",1,"(74, 58)",1,"(77, 97)",0,"(87, 67)",0
58601,move red C,"(91, 50)",1,"(91, 69)",1,"(77, 50)",1,"(77, 62)",1
58601,move blue C1,"(75, 52)",1,"(77, 66)",1,"(77, 50)",1,"(98, 66)",1
58601,fill nocolor A1,"(83, 72)",1,"(84, 56)",1,"(98, 73)",1,"(98, 73)",1
58601,clear nocolor C,"(68, 58)",1,"(107, 67)",0,"(70, 54)",1,"(70, 65)",1
58601,uncover blue all,"(75, 73)",1,"(68, 56)",1,"(81, 56)",1,"(84, 78)",1
58601,clear nocolor B,"(81, 66)",1,"(80, 69)",1,"(98, 73)",1,"(98, 73)",1
58601,cover green all,"(107, 63)",1,"(107, 67)",1,"(80, 65)",1,"(107, 65)",1
58601,fill nocolor B1,"(77, 96)",1,"(76, 96)",1,"(74, 62)",1,"(91, 97)",1
28567,fill nocolor C2,"(76, 89)",1,"(73, 68)",0,"(84, 41)",0,"('none', 'none')",0
28567,move green C2,"(56, 58)",1,"(86, 70)",1,"(59, 93)",0,"('none', 'none')",0
28567,fill nocolor B2,"(88, 63)",1,"(88, 67)",0,"(88, 38)",0,"('none', 'none')",0
28567,uncover green all,"(78, 69)",1,"(86, 93)",1,"(76, 80)",-1,"('none', 'none')",0
28567,cover red all,"(66, 41)",1,"(107, 60)",1,"(81, 41)",1,"('none', 'none')",0
28567,clear nocolor C,"(107, 38)",1,"(107, 69)",0,"(107, 83)",1,"('none', 'none')",0
28567,clear nocolor C1,"(66, 70)",1,"(76, 72)",0,"(81, 55)",0,"('none', 'none')",0
28567,uncover blue all,"(85, 69)",1,"(97, 41)",-1,"(78, 82)",0,"('none', 'none')",0
28567,move red C2,"(78, 89)",1,"(59, 70)",1,"(73, 70)",1,"('none', 'none')",0
28567,cover green all,"(88, 89)",1,"(56, 72)",-1,"(80, 82)",0,"('none', 'none')",0
47326,cover green all,"(79, 86)",0,"(62, 70)",0,"(69, 85)",0,"(64, 76)",0
47326,move red B1,"(83, 86)",1,"(104, 90)",0,"(62, 89)",-1,"(74, 90)",0
47326,uncover blue all,"(88, 76)",0,"(83, 85)",-1,"(75, 94)",0,"(88, 55)",1
47326,cover blue all,"(91, 85)",1,"(104, 85)",1,"(62, 59)",1,"(62, 70)",1
47326,clear nocolor C1,"(83, 90)",0,"(104, 90)",1,"(63, 44)",0,"(69, 90)",0
47326,move blue A2,"(103, 63)",0,"(94, 61)",-1,"(69, 70)",0,"(77, 85)",-1
47326,clear nocolor A2,"(94, 61)",1,"(102, 65)",0,"(69, 84)",0,"(94, 78)",1
47326,fill nocolor B1,"(69, 44)",1,"(77, 46)",0,"(74, 60)",1,"(69, 60)",1
47326,fill nocolor A1,"(102, 73)",1,"(107, 57)",0,"(62, 46)",0,"(69, 63)",0
47326,uncover red all,"(77, 78)",1,"(104, 78)",0,"(80, 63)",0,"(79, 85)",0
37887,uncover red all,"(54, 55)",1,"(94, 71)",0,"(88, 77)",1,"(74, 85)",0
37887,cover blue all,"(103, 63)",1,"(54, 56)",1,"(84, 100)",-1,"(101, 66)",0
37887,clear nocolor A,"(94, 50)",1,"(94, 85)",1,"(54, 95)",1,"(87, 79)",0
37887,move red C,"(54, 50)",1,"(60, 57)",0,"(89, 66)",0,"(68, 42)",-1
37887,fill nocolor A2,"(103, 57)",1,"(95, 71)",-1,"(88, 76)",1,"(88, 98)",0
37887,cover red all,"(97, 57)",1,"(103, 66)",1,"(75, 95)",0,"(101, 57)",1
37887,uncover blue all,"(68, 70)",1,"(89, 70)",1,"(87, 36)",-1,"('none', 'none')",0
37887,move red A1,"(88, 55)",1,"(101, 77)",0,"(84, 98)",0,"(84, 100)",0
37887,clear nocolor B,"(60, 66)",1,"(75, 76)",0,"(87, 56)",0,"(99, 42)",0
37887,fill nocolor C1,"(73, 66)",1,"(97, 66)",1,"(68, 100)",-1,"(78, 63)",0
64140,cover green all,"(97, 65)",1,"(89, 48)",1,"(90, 58)",0,"(95, 86)",1
64140,uncover blue all,"(76, 67)",1,"(88, 60)",1,"(95, 67)",0,"(89, 65)",1
64140,uncover red all,"(78, 81)",1,"(85, 100)",1,"(99, 51)",-1,"('none', 'none')",0
64140,move blue A2,"(97, 77)",1,"(89, 77)",1,"(69, 67)",1,"(69, 44)",1
64140,fill nocolor B2,"(66, 100)",1,"(95, 65)",1,"(100, 72)",0,"(78, 73)",0
64140,clear nocolor C1,"(104, 57)",1,"(104, 70)",1,"(84, 73)",1,"(85, 73)",1
64140,cover red all,"(89, 67)",1,"(95, 70)",1,"(88, 67)",1,"(66, 51)",1
64140,move blue C,"(75, 48)",1,"(91, 86)",1,"(48, 79)",0,"(99, 30)",0
64140,fill nocolor C2,"(66, 51)",1,"(90, 51)",1,"(97, 44)",0,"(62, 70)",1
64140,clear nocolor A2,"(95, 48)",1,"(95, 60)",1,"(95, 54)",1,"(93, 54)",1
79869,fill nocolor C2,"(85, 69)",1,"(85, 89)",1,"(63, 96)",0,"('none', 'none')",0
79869,cover red all,"(86, 74)",1,"(73, 68)",1,"(105, 74)",1,"('none', 'none')",0
79869,uncover green all,"(87, 64)",1,"(73, 74)",1,"(63, 44)",1,"('none', 'none')",0
79869,cover blue all,"(79, 88)",1,"(87, 89)",1,"(73, 68)",0,"('none', 'none')",0
79869,move green C,"(65, 44)",1,"(92, 68)",0,"(63, 59)",0,"('none', 'none')",0
79869,uncover blue all,"(82, 94)",1,"(75, 69)",1,"(77, 68)",-1,"('none', 'none')",0
79869,fill nocolor B2,"(79, 47)",1,"(102, 64)",1,"(80, 47)",1,"('none', 'none')",0
79869,move red A1,"(77, 69)",1,"(77, 96)",1,"(102, 54)",1,"('none', 'none')",0
79869,clear nocolor C1,"(102, 88)",1,"(102, 64)",1,"(86, 69)",1,"('none', 'none')",0
79869,clear nocolor C2,"(107, 64)",1,"(107, 47)",1,"(73, 61)",0,"('none', 'none')",0
58692,cover red all,"(72, 80)",1,"(56, 37)",1,"(89, 54)",0,"(89, 100)",0
58692,fill nocolor C1,"(83, 68)",1,"(105, 67)",1,"(89, 48)",1,"(98, 68)",1
58692,move green B1,"(55, 67)",1,"(83, 68)",-1,"(94, 80)",1,"(99, 42)",1
58692,move green A1,"(78, 38)",1,"(98, 38)",0,"(89, 37)",1,"(99, 70)",0
58692,fill nocolor B1,"(88, 61)",1,"(55, 60)",1,"(101, 67)",0,"(86, 93)",0
58692,cover green all,"(85, 76)",1,"(55, 60)",0,"(98, 68)",0,"(97, 48)",0
58692,uncover green all,"(89, 48)",1,"(85, 63)",-1,"(105, 38)",-1,"(86, 80)",1
58692,clear nocolor A,"(56, 63)",1,"(55, 48)",1,"(98, 48)",0,"(55, 65)",1
58692,uncover blue all,"(72, 65)",1,"(56, 65)",1,"(55, 63)",1,"(55, 80)",1
58692,clear nocolor B1,"(98, 95)",1,"(78, 76)",1,"(85, 54)",0,"(66, 54)",0
91733,uncover green all,"(67, 68)",1,"(79, 68)",1,"(85, 61)",1,"(105, 45)",0
91733,fill nocolor B2,"(95, 100)",1,"(67, 100)",1,"(79, 87)",0,"(74, 45)",1
91733,move green B2,"(71, 65)",1,"(106, 55)",0,"(97, 56)",0,"('none', 'none')",0
91733,clear nocolor C,"(84, 77)",1,"(86, 78)",1,"(63, 80)",0,"(106, 78)",1
91733,clear nocolor A2,"(95, 65)",1,"(75, 61)",1,"(86, 80)",0,"('none', 'none')",0
91733,fill nocolor C2,"(98, 88)",1,"(79, 53)",1,"(87, 80)",0,"(85, 53)",1
91733,uncover blue all,"(75, 100)",1,"(75, 61)",1,"(93, 65)",0,"('none', 'none')",0
91733,move blue C1,"(71, 66)",1,"(72, 66)",1,"(67, 100)",-1,"('none', 'none')",0
91733,cover green all,"(106, 65)",1,"(86, 66)",1,"(83, 80)",0,"(81, 66)",1
91733,cover blue all,"(98, 55)",1,"(74, 61)",0,"(97, 57)",0,"('none', 'none')",0
39277,clear nocolor B2,"(64, 75)",1,"(94, 69)",0,"(88, 69)",0,"('none', 'none')",0
39277,uncover red all,"(86, 83)",1,"(55, 75)",1,"(88, 56)",0,"('none', 'none')",0
39277,cover red all,"(102, 42)",1,"(55, 83)",0,"(98, 76)",0,"('none', 'none')",0
39277,move blue B,"(94, 61)",1,"(99, 83)",0,"(86, 76)",-1,"('none', 'none')",0
39277,uncover green all,"(107, 98)",0,"(64, 77)",0,"(86, 83)",-1,"('none', 'none')",0
39277,cover green all,"(95, 56)",1,"(85, 37)",0,"(72, 61)",-1,"('none', 'none')",0
39277,move green B,"(88, 83)",1,"(107, 67)",0,"(55, 76)",1,"('none', 'none')",0
39277,clear nocolor B,"(60, 89)",1,"(95, 68)",0,"(99, 67)",1,"('none', 'none')",0
39277,fill nocolor B1,"(95, 61)",1,"(74, 46)",0,"(101, 99)",0,"('none', 'none')",0
39277,fill nocolor A1,"(64, 54)",1,"(64, 98)",0,"(64, 81)",0,"(55, 89)",-1
36088,move blue B2,"(55, 52)",1,"(74, 62)",-1,"(97, 47)",1,"(55, 47)",1
36088,uncover green all,"(74, 37)",1,"(83, 62)",0,"(88, 69)",2,"(88, 72)",2
36088,fill nocolor A2,"(105, 75)",1,"(95, 37)",-1,"(96, 79)",0,"(88, 79)",0
36088,uncover blue all,"(82, 52)",1,"(89, 62)",-1,"(74, 79)",-1,"(82, 63)",1
36088,cover green all,"(89, 65)",0,"(90, 56)",1,"(76, 56)",1,"(74, 63)",0
36088,fill nocolor B1,"(89, 62)",1,"(55, 65)",0,"(86, 84)",0,"(83, 60)",1
36088,clear nocolor B,"(97, 56)",1,"(90, 78)",-1,"(76, 71)",0,"(55, 71)",0
36088,clear nocolor B2,"(81, 87)",1,"(83, 71)",1,"(95, 87)",0,"(70, 60)",0
36088,move green A2,"(70, 77)",1,"(86, 37)",0,"(70, 87)",1,"(86, 84)",0
36088,cover red all,"(55, 77)",1,"(95, 75)",1,"(82, 87)",1,"(80, 71)",1
74045,uncover green all,"(71, 83)",1,"(71, 85)",1,"(54, 85)",1,"(61, 57)",0
74045,cover red all,"(54, 77)",1,"(71, 78)",1,"(98, 56)",0,"(70, 78)",0
74045,clear nocolor B,"(61, 53)",1,"(101, 86)",1,"(58, 56)",0,"('none', 'none')",0
74045,cover green all,"(96, 82)",1,"(74, 52)",1,"(96, 85)",0,"(92, 82)",1
74045,move red B1,"(71, 80)",1,"(70, 80)",1,"(75, 99)",0,"('none', 'none')",0
74045,uncover red all,"(66, 82)",1,"(70, 36)",1,"(101, 73)",0,"('none', 'none')",0
74045,fill nocolor B2,"(91, 83)",1,"(98, 99)",1,"(98, 83)",1,"(84, 78)",0
74045,move blue B2,"(75, 82)",1,"(91, 78)",0,"(76, 87)",0,"('none', 'none')",0
74045,fill nocolor C1,"(54, 85)",1,"(98, 86)",1,"(96, 48)",1,"('none', 'none')",0
74045,clear nocolor B1,"(96, 86)",1,"(76, 57)",0,"(79, 86)",1,"('none', 'none')",0
26027,uncover blue all,"(64, 75)",1,"(62, 97)",0,"(74, 70)",1,"(101, 76)",0
26027,clear nocolor A2,"(59, 46)",1,"(62, 41)",-1,"(78, 70)",0,"(77, 101)",1
26027,uncover red all,"(78, 84)",1,"(62, 76)",1,"(59, 63)",1,"(64, 69)",0
26027,clear nocolor B,"(62, 89)",1,"(94, 85)",0,"(103, 76)",0,"(62, 76)",1
26027,fill nocolor B2,"(87, 46)",1,"(81, 70)",-1,"(78, 89)",0,"(54, 68)",0
26027,cover green all,"(103, 60)",1,"(91, 56)",1,"(74, 97)",0,"(94, 101)",0
26027,cover blue all,"(91, 76)",1,"(93, 41)",1,"(59, 69)",1,"('none', 'none')",0
26027,move green B2,"(62, 75)",1,"(64, 73)",0,"(59, 83)",1,"(106, 83)",1
26027,move red C,"(78, 97)",1,"(81, 76)",0,"(78, 97)",1,"(62, 73)",0
26027,fill nocolor A2,"(62, 41)",1,"(94, 75)",0,"(80, 69)",0,"('none', 'none')",0
35291,clear nocolor C2,"(87, 78)",1,"(106, 68)",1,"(89, 76)",1,"('none', 'none')",0
35291,uncover green all,"(59, 101)",1,"(67, 48)",1,"(89, 74)",1,"('none', 'none')",0
35291,move red A1,"(86, 71)",1,"(81, 100)",1,"(57, 37)",0,"('none', 'none')",0
35291,cover blue all,"(87, 78)",1,"(98, 78)",1,"(67, 71)",1,"(87, 78)",1
35291,fill nocolor C1,"(55, 49)",1,"(106, 49)",1,"(92, 72)",0,"('none', 'none')",0
35291,clear nocolor C,"(89, 100)",1,"(87, 37)",1,"(97, 100)",0,"('none', 'none')",0
35291,fill nocolor B2,"(98, 63)",1,"(98, 101)",1,"(85, 79)",0,"('none', 'none')",0
35291,cover green all,"(98, 63)",1,"(92, 72)",1,"(86, 74)",0,"(81, 100)",0
35291,uncover blue all,"(59, 69)",1,"(55, 69)",1,"(90, 80)",0,"('none', 'none')",0
35291,move blue C1,"(92, 49)",1,"(92, 68)",1,"(98, 88)",0,"('none', 'none')",0
49030,uncover green all,"(84, 63)",1,"(85, 58)",1,"(78, 53)",-1,"('none', 'none')",0
49030,uncover blue all,"(71, 72)",1,"(105, 86)",0,"(84, 63)",-1,"('none', 'none')",0
49030,move red C2,"(104, 87)",1,"(76, 66)",1,"(84, 91)",0,"('none', 'none')",0
49030,cover red all,"(82, 53)",1,"(71, 62)",1,"(83, 59)",-1,"('none', 'none')",0
49030,cover blue all,"(90, 59)",1,"(90, 59)",1,"(82, 66)",0,"('none', 'none')",0
49030,clear nocolor A2,"(77, 72)",1,"(93, 86)",1,"(77, 65)",1,"('none', 'none')",0
49030,fill nocolor B2,"(104, 64)",1,"(83, 62)",-1,"(71, 46)",1,"('none', 'none')",0
49030,clear nocolor C2,"(105, 67)",1,"(71, 66)",1,"(56, 48)",0,"('none', 'none')",0
49030,move red C1,"(76, 106)",1,"(56, 106)",1,"(89, 68)",0,"('none', 'none')",0
49030,fill nocolor A2,"(105, 59)",1,"(84, 58)",1,"(90, 59)",1,"('none', 'none')",0
55983,move blue B,"(73, 82)",1,"(84, 79)",1,"(74, 65)",1,"(74, 65)",1
55983,clear nocolor A,"(95, 85)",1,"(56, 79)",1,"(72, 94)",0,"(72, 94)",0
55983,fill nocolor C1,"(95, 66)",1,"(56, 81)",0,"(68, 94)",-1,"('none', 'none')",0
55983,clear nocolor B1,"(80, 50)",1,"(97, 71)",1,"(96, 71)",1,"('none', 'none')",0
55983,fill nocolor B2,"(78, 82)",1,"(88, 65)",1,"(72, 64)",1,"(82, 85)",0
55983,cover red all,"(100, 62)",1,"(103, 82)",1,"(83, 94)",0,"('none', 'none')",0
55983,move green A1,"(84, 81)",1,"(95, 54)",1,"(78, 37)",1,"('none', 'none')",0
55983,cover blue all,"(87, 65)",1,"(83, 66)",1,"(56, 77)",0,"('none', 'none')",0
55983,uncover red all,"(72, 60)",1,"(73, 65)",1,"(74, 82)",0,"('none', 'none')",0
55983,uncover green all,"(83, 81)",1,"(87, 55)",1,"(83, 76)",1,"('none', 'none')",0
71814,clear nocolor B,"(101, 67)",1,"(101, 54)",1,"(72, 75)",0,"('none', 'none')",0
71814,fill nocolor C1,"(78, 44)",0,"(72, 67)",1,"(102, 73)",-1,"('none', 'none')",0
71814,cover green all,"(77, 83)",1,"(61, 75)",1,"(77, 81)",1,"('none', 'none')",0
71814,move blue B2,"(91, 83)",1,"(86, 64)",1,"(99, 58)",-1,"('none', 'none')",0
71814,cover red all,"(72, 64)",1,"(102, 75)",0,"(89, 59)",-1,"('none', 'none')",0
71814,fill nocolor B2,"(93, 64)",1,"(101, 64)",0,"(91, 56)",0,"('none', 'none')",0
71814,uncover blue all,"(61, 75)",1,"(91, 75)",0,"(77, 60)",-1,"('none', 'none')",0
71814,clear nocolor A1,"(74, 68)",1,"(106, 75)",0,"(101, 67)",0,"('none', 'none')",0
71814,uncover green all,"(82, 88)",1,"(76, 84)",1,"(76, 88)",1,"('none', 'none')",0
71814,move red B,"(78, 43)",0,"(85, 71)",0,"(78, 57)",0,"('none', 'none')",0
22765,fill nocolor C2,"(82, 77)",0,"(86, 63)",0,"(78, 36)",0,"('none', 'none')",0
22765,cover red all,"(83, 64)",0,"(82, 60)",1,"(106, 84)",1,"('none', 'none')",0
22765,uncover red all,"(81, 75)",1,"(107, 79)",0,"(83, 63)",-1,"('none', 'none')",0
22765,fill nocolor B2,"(107, 64)",1,"(95, 88)",0,"(93, 65)",1,"('none', 'none')",0
22765,clear nocolor B2,"(81, 79)",1,"(54, 58)",0,"(73, 38)",0,"(56, 84)",0
22765,move green B1,"(106, 84)",0,"(82, 62)",1,"(81, 88)",0,"('none', 'none')",0
22765,clear nocolor A,"(103, 60)",0,"(95, 63)",1,"(107, 85)",0,"(73, 61)",1
22765,cover green all,"(81, 88)",0,"(107, 36)",1,"(93, 46)",0,"('none', 'none')",0
22765,uncover green all,"(76, 68)",0,"(82, 58)",1,"(81, 60)",0,"(73, 88)",0
22765,move blue B2,"(93, 64)",1,"(95, 38)",0,"(97, 36)",0,"('none', 'none')",0
93884,clear nocolor C1,"(67, 56)",1,"(86, 73)",1,"(89, 105)",0,"('none', 'none')",0
93884,move red C1,"(82, 105)",1,"(82, 68)",1,"(78, 105)",0,"('none', 'none')",0
93884,cover red all,"(97, 73)",1,"(107, 39)",1,"(67, 89)",1,"('none', 'none')",0
93884,clear nocolor B,"(97, 68)",1,"(98, 39)",1,"(67, 58)",0,"('none', 'none')",0
93884,uncover red all,"(67, 58)",1,"(57, 66)",0,"(59, 106)",1,"('none', 'none')",0
93884,uncover blue all,"(74, 66)",1,"(78, 68)",0,"(78, 105)",1,"('none', 'none')",0
93884,fill nocolor A1,"(84, 54)",1,"(78, 54)",1,"(75, 89)",0,"('none', 'none')",0
93884,cover green all,"(86, 80)",1,"(91, 80)",1,"(74, 79)",1,"('none', 'none')",0
93884,fill nocolor B2,"(78, 64)",1,"(107, 58)",0,"(72, 106)",0,"('none', 'none')",0
93884,move red A2,"(86, 80)",1,"(81, 56)",0,"(74, 107)",1,"('none', 'none')",0
89675,move blue C2,"(72, 107)",1,"(83, 78)",0,"(94, 52)",0,"(86, 107)",1
89675,clear nocolor A1,"(55, 61)",1,"(96, 57)",0,"(74, 58)",1,"(77, 55)",0
89675,fill nocolor B2,"(74, 64)",1,"(77, 78)",0,"(55, 85)",0,"(97, 107)",0
89675,cover blue all,"(70, 61)",1,"(96, 61)",1,"(99, 107)",0,"(103, 36)",0
89675,fill nocolor C1,"(55, 84)",1,"(96, 85)",1,"(96, 84)",1,"(100, 68)",1
89675,cover green all,"(80, 76)",1,"(96, 62)",1,"(70, 39)",0,"(80, 87)",0
89675,uncover blue all,"(86, 78)",1,"(79, 62)",-1,"(82, 59)",0,"(70, 85)",0
89675,clear nocolor C1,"(103, 81)",1,"(55, 76)",0,"(55, 81)",0,"(75, 59)",0
89675,uncover red all,"(70, 65)",1,"(103, 37)",-1,"(70, 57)",1,"(96, 64)",-1
89675,move red C2,"(72, 52)",1,"(96, 52)",1,"(77, 52)",1,"(55, 87)",1
86933,fill nocolor C2,"(103, 96)",0,"(82, 96)",0,"(90, 79)",0,"(71, 92)",-1
86933,clear nocolor C2,"(99, 96)",0,"(66, 69)",-1,"(75, 62)",0,"(73, 79)",0
86933,uncover green all,"(75, 79)",1,"(87, 81)",1,"(71, 79)",1,"(87, 85)",1
86933,clear nocolor B1,"(80, 81)",1,"(99, 85)",0,"(106, 58)",0,"(86, 55)",0
86933,move blue B1,"(66, 92)",1,"(66, 53)",1,"(65, 62)",1,"(65, 78)",1
86933,cover blue all,"(80, 55)",1,"(103, 55)",1,"(75, 96)",0,"(82, 57)",-1
86933,cover red all,"(71, 72)",1,"(90, 69)",1,"(91, 68)",0,"(87, 68)",0
86933,move red A,"(66, 58)",1,"(86, 96)",1,"(82, 55)",0,"(77, 88)",-1
86933,fill nocolor B1,"(65, 62)",1,"(73, 62)",1,"(90, 62)",1,"(76, 81)",0
86933,uncover red all,"(106, 79)",0,"(86, 79)",1,"(71, 46)",1,"(97, 62)",0
53007,move red B1,"(75, 64)",1,"(76, 80)",1,"(89, 62)",1,"(87, 62)",0
53007,clear nocolor B,"(78, 73)",1,"(78, 70)",1,"(98, 68)",1,"(101, 66)",1
53007,cover blue all,"(88, 57)",1,"(104, 66)",0,"(79, 68)",0,"(79, 66)",0
53007,fill nocolor B1,"(91, 60)",1,"(104, 69)",0,"(88, 99)",0,"(88, 57)",0
53007,move red B2,"(72, 99)",1,"(89, 64)",1,"(77, 81)",0,"(82, 67)",-1
53007,uncover red all,"(78, 69)",1,"(75, 61)",1,"(88, 83)",0,"(75, 59)",1
53007,uncover green all,"(76, 66)",1,"(98, 83)",0,"(88, 64)",0,"(88, 83)",1
53007,fill nocolor A2,"(87, 59)",1,"(77, 56)",-1,"(89, 41)",1,"(78, 57)",1
53007,cover red all,"(84, 67)",1,"(101, 70)",1,"(85, 61)",0,"(85, 81)",0
53007,clear nocolor C2,"(88, 59)",1,"(87, 86)",1,"(78, 59)",0,"(88, 66)",1
58637,cover blue all,"(81, 36)",1,"(101, 82)",1,"(84, 92)",0,"(36, 66)",0
58637,clear nocolor A2,"(77, 82)",1,"(94, 88)",1,"(103, 88)",0,"('none', 'none')",0
58637,fill nocolor B1,"(105, 42)",1,"(106, 61)",1,"(71, 36)",0,"('none', 'none')",0
58637,uncover blue all,"(60, 85)",1,"(54, 82)",0,"(81, 56)",0,"('none', 'none')",0
58637,move green B1,"(55, 82)",1,"(77, 53)",0,"(103, 36)",0,"('none', 'none')",0
58637,clear nocolor C2,"(54, 63)",0,"(106, 74)",1,"(54, 93)",0,"('none', 'none')",0
58637,cover red all,"(94, 74)",1,"(80, 74)",1,"(81, 74)",1,"(104, 74)",1
58637,uncover green all,"(60, 82)",1,"(84, 86)",1,"(77, 66)",-1,"('none', 'none')",0
58637,fill nocolor A2,"(71, 74)",0,"(103, 76)",1,"(71, 37)",0,"('none', 'none')",0
58637,move red C,"(55, 83)",0,"(101, 59)",0,"(55, 36)",0,"('none', 'none')",0
18558,clear nocolor A,"(107, 80)",0,"(74, 63)",1,"(77, 80)",1,"(74, 24)",1
18558,uncover red all,"(67, 63)",1,"(81, 70)",0,"(61, 89)",0,"(73, 105)",0
18558,uncover green all,"(67, 42)",-1,"(81, 105)",1,"(77, 63)",-1,"(74, 105)",0
18558,move red C2,"(75, 76)",0,"(60, 101)",0,"(93, 105)",0,"(74, 101)",1
18558,fill nocolor B1,"(75, 80)",1,"(107, 56)",0,"(54, 42)",1,"(54, 63)",0
18558,cover green all,"(104, 59)",1,"(75, 42)",1,"(93, 80)",1,"(77, 86)",1
18558,move green A,"(102, 57)",0,"(81, 76)",1,"(67, 37)",0,"(67, 82)",0
18558,fill nocolor A1,"(94, 36)",1,"(88, 57)",0,"(67, 56)",1,"(93, 70)",0
18558,clear nocolor A1,"(102, 49)",0,"(77, 49)",0,"(67, 84)",0,"(77, 42)",0
18558,cover red all,"(102, 70)",0,"(88, 80)",0,"(77, 63)",-1,"(77, 63)",-1
88653,clear nocolor A,"(57, 69)",1,"(61, 50)",0,"(91, 51)",1,"(75, 73)",0
88653,move red A2,"(67, 99)",1,"(68, 99)",1,"(67, 102)",1,"(57, 99)",-1
88653,fill nocolor A1,"(57, 73)",1,"(89, 74)",1,"(68, 36)",1,"(89, 74)",1
88653,cover red all,"(91, 71)",1,"(96, 69)",1,"(95, 88)",0,"(57, 69)",1
88653,move red B,"(57, 64)",1,"(91, 78)",1,"(57, 60)",1,"(67, 88)",1
88653,cover blue all,"(82, 43)",1,"(91, 44)",1,"(95, 50)",1,"(95, 43)",1
88653,uncover red all,"(62, 64)",1,"(77, 88)",0,"(68, 74)",1,"(68, 43)",1
88653,clear nocolor B1,"(62, 74)",1,"(68, 101)",0,"(91, 50)",0,"(92, 102)",0
88653,fill nocolor C2,"(82, 71)",1,"(91, 71)",1,"(80, 102)",0,"(67, 70)",1
88653,uncover green all,"(77, 101)",1,"(67, 39)",1,"(54, 74)",0,"(89, 64)",-1
82980,fill nocolor A1,"(85, 72)",1,"(77, 83)",0,"(80, 72)",1,"(77, 56)",1
82980,clear nocolor A,"(75, 67)",1,"(64, 63)",0,"(80, 69)",0,"(87, 70)",0
82980,clear nocolor B2,"(101, 67)",1,"(101, 72)",1,"(80, 67)",0,"(78, 72)",0
82980,move red B1,"(88, 71)",1,"(88, 62)",1,"(75, 60)",0,"(92, 60)",1
82980,cover blue all,"(80, 70)",1,"(64, 63)",1,"(80, 63)",1,"(94, 63)",1
82980,fill nocolor B1,"(55, 79)",1,"(92, 79)",1,"(80, 61)",0,"(82, 60)",1
82980,uncover blue all,"(85, 46)",1,"(85, 104)",1,"(55, 69)",1,"(55, 59)",1
82980,cover green all,"(85, 76)",1,"(87, 83)",1,"(90, 83)",1,"(73, 57)",0
82980,uncover red all,"(55, 71)",1,"(55, 72)",1,"(78, 63)",1,"(88, 67)",1
82980,move red A1,"(80, 72)",1,"(102, 57)",0,"(89, 37)",0,"(81, 56)",0
84838,uncover red all,"(87, 74)",1,"(79, 68)",1,"(91, 80)",0,"('none', 'none')",0
84838,move green C2,"(78, 75)",0,"(78, 53)",1,"(84, 68)",0,"('none', 'none')",0
84838,cover green all,"(91, 54)",0,"(87, 61)",1,"(87, 73)",0,"(98, 61)",1
84838,clear nocolor B,"(98, 70)",1,"(99, 59)",1,"(76, 81)",-1,"('none', 'none')",0
84838,cover blue all,"(98, 53)",1,"(91, 74)",1,"(71, 101)",-1,"('none', 'none')",0
84838,fill nocolor C1,"(79, 68)",1,"(71, 68)",1,"(67, 81)",-1,"(99, 80)",0
84838,move blue C2,"(72, 73)",1,"(76, 68)",0,"(72, 81)",1,"('none', 'none')",0
84838,clear nocolor C1,"(93, 74)",0,"(84, 53)",1,"(84, 53)",1,"('none', 'none')",0
84838,fill nocolor A2,"(78, 58)",1,"(100, 80)",0,"(88, 59)",1,"('none', 'none')",0
84838,uncover blue all,"(71, 74)",0,"(71, 69)",1,"(76, 55)",0,"('none', 'none')",0
50151,clear nocolor B,"(83, 87)",1,"(105, 66)",0,"(64, 72)",1,"(80, 41)",1
50151,cover blue all,"(84, 75)",1,"(105, 70)",1,"(84, 91)",0,"(90, 87)",0
50151,clear nocolor A1,"(74, 60)",1,"(78, 68)",0,"(92, 46)",1,"(83, 85)",0
50151,uncover green all,"(81, 87)",1,"(79, 87)",0,"(79, 85)",0,"(88, 85)",1
50151,fill nocolor B2,"(105, 46)",1,"(79, 59)",0,"(86, 65)",1,"(93, 46)",1
50151,move blue B2,"(86, 62)",1,"(91, 94)",0,"(86, 46)",1,"(92, 65)",1
50151,cover green all,"(83, 63)",1,"(90, 73)",1,"(83, 63)",1,"(92, 70)",0
50151,uncover blue all,"(79, 87)",1,"(103, 73)",0,"(78, 63)",0,"(64, 65)",-1
50151,move green A,"(64, 94)",1,"(78, 71)",1,"(80, 75)",1,"(80, 85)",1
50151,fill nocolor B1,"(103, 60)",1,"(105, 72)",0,"(86, 73)",0,"(93, 61)",1
32385,uncover blue all,"(70, 79)",1,"(78, 62)",0,"(70, 79)",1,"(70, 63)",1
32385,cover green all,"(70, 58)",1,"(100, 79)",1,"(70, 82)",0,"(81, 85)",0
32385,cover red all,"(100, 89)",1,"(80, 82)",1,"(100, 72)",0,"(81, 82)",0
32385,move blue A1,"(101, 73)",1,"(95, 73)",1,"(76, 55)",1,"(76, 55)",1
32385,move green B,"(76, 79)",1,"(84, 79)",1,"(84, 61)",1,"(69, 62)",0
32385,uncover red all,"(81, 77)",1,"(81, 77)",1,"(76, 93)",0,"(56, 72)",1
32385,clear nocolor C,"(107, 73)",1,"(103, 62)",1,"(56, 85)",-1,"(68, 83)",1
32385,fill nocolor C2,"(95, 51)",1,"(90, 51)",1,"(80, 66)",0,"(86, 93)",0
32385,clear nocolor A2,"(76, 85)",1,"(95, 89)",1,"(56, 93)",-1,"(100, 63)",0
32385,fill nocolor A2,"(97, 93)",1,"(68, 83)",0,"(76, 82)",-1,"(80, 77)",1
63576,cover red all,"(72, 88)",1,"(72, 37)",1,"(87, 62)",1,"(87, 66)",0
63576,move blue C1,"(87, 63)",1,"(106, 39)",0,"(79, 62)",0,"(72, 107)",0
63576,uncover blue all,"(87, 64)",1,"(83, 64)",1,"(105, 65)",0,"(81, 39)",0
63576,fill nocolor B2,"(59, 63)",1,"(78, 62)",0,"(72, 37)",0,"(57, 64)",1
63576,clear nocolor C,"(103, 63)",1,"(106, 60)",1,"(106, 63)",1,"(84, 61)",1
63576,uncover red all,"(82, 86)",1,"(72, 39)",-1,"(106, 37)",-1,"(82, 66)",1
63576,move blue A1,"(78, 54)",1,"(83, 86)",0,"(82, 59)",1,"(103, 63)",0
63576,fill nocolor A2,"(87, 94)",1,"(103, 107)",0,"(106, 69)",0,"(87, 65)",0
63576,cover green all,"(55, 64)",1,"(83, 64)",1,"(104, 94)",0,"(81, 62)",0
63576,clear nocolor A2,"(59, 107)",1,"(59, 62)",1,"(75, 62)",1,"(37, 86)",0
93940,cover green all,"(83, 39)",1,"(106, 66)",1,"(73, 95)",-1,"(92, 87)",0
93940,fill nocolor C1,"(73, 67)",1,"(74, 66)",1,"(61, 39)",0,"(61, 48)",1
93940,cover red all,"(100, 54)",1,"(89, 50)",1,"(107, 82)",0,"(85, 55)",0
93940,move green A,"(84, 39)",1,"(89, 56)",1,"(68, 39)",1,"(79, 54)",1
93940,uncover green all,"(68, 54)",1,"(57, 65)",1,"(68, 87)",1,"(68, 87)",1
93940,uncover red all,"(61, 55)",1,"(84, 94)",1,"(73, 87)",0,"('none', 'none')",0
93940,fill nocolor A2,"(84, 95)",1,"(89, 39)",1,"(107, 54)",0,"(78, 65)",0
93940,clear nocolor A,"(57, 82)",1,"(73, 67)",1,"(78, 71)",0,"(75, 71)",1
93940,clear nocolor A2,"(57, 66)",1,"(57, 55)",1,"(68, 38)",0,"(84, 55)",0
93940,move blue A1,"(106, 54)",1,"(78, 54)",1,"(106, 56)",1,"(96, 39)",0
93952,clear nocolor A2,"(75, 78)",1,"(75, 66)",1,"(93, 74)",1,"(93, 74)",1
93952,fill nocolor B2,"(75, 63)",1,"(77, 64)",1,"(92, 64)",1,"(91, 70)",0
93952,cover red all,"(84, 86)",1,"(80, 72)",1,"(81, 73)",1,"(80, 73)",1
93952,fill nocolor A2,"(96, 58)",1,"(87, 59)",1,"(91, 39)",1,"(92, 39)",1
93952,uncover red all,"(87, 67)",1,"(77, 78)",1,"(77, 66)",1,"(77, 86)",0
93952,clear nocolor C,"(84, 57)",1,"(88, 59)",1,"(102, 74)",1,"(85, 73)",1
93952,cover blue all,"(101, 62)",1,"(90, 78)",1,"(92, 58)",0,"(92, 39)",0
93952,move blue B1,"(75, 78)",1,"(76, 72)",1,"(87, 61)",0,"(76, 60)",1
93952,uncover blue all,"(80, 67)",1,"(79, 59)",1,"(80, 74)",1,"(80, 74)",1
93952,move green A1,"(76, 74)",1,"(84, 72)",1,"(85, 57)",0,"(89, 59)",1
87384,move red A1,"(71, 69)",1,"(71, 88)",1,"(91, 72)",0,"(77, 58)",1
87384,cover green all,"(77, 50)",1,"(102, 50)",1,"(56, 58)",0,"(101, 88)",0
87384,clear nocolor B1,"(76, 84)",0,"(78, 83)",1,"(71, 57)",0,"(87, 72)",0
87384,move blue C2,"(76, 81)",1,"(79, 88)",1,"(93, 70)",0,"(76, 70)",1
87384,uncover green all,"(85, 84)",1,"(56, 61)",1,"(78, 69)",0,"(56, 82)",1
87384,uncover red all,"(78, 53)",0,"(68, 57)",1,"(77, 90)",1,"(101, 69)",0
87384,cover blue all,"(106, 80)",1,"(102, 80)",1,"(56, 69)",1,"(91, 58)",0
87384,fill nocolor A2,"(98, 58)",1,"(102, 58)",1,"(85, 84)",0,"(59, 57)",0
87384,fill nocolor C2,"(85, 88)",1,"(78, 38)",0,"(87, 38)",-1,"(93, 83)",0
87384,clear nocolor A,"(77, 88)",1,"(77, 67)",1,"(79, 60)",0,"(76, 88)",1
30838,clear nocolor A,"(72, 89)",1,"(77, 86)",1,"(72, 78)",1,"('none', 'none')",0
30838,cover blue all,"(72, 88)",1,"(107, 38)",1,"(73, 87)",0,"('none', 'none')",0
30838,fill nocolor C1,"(72, 76)",0,"(105, 76)",0,"(81, 87)",0,"('none', 'none')",0
30838,fill nocolor A2,"(105, 88)",0,"(56, 75)",1,"(65, 82)",0,"('none', 'none')",0
30838,cover green all,"(94, 86)",1,"(85, 75)",1,"(56, 55)",-1,"('none', 'none')",0
30838,uncover red all,"(55, 61)",1,"(56, 87)",1,"(107, 75)",0,"(103, 75)",1
30838,clear nocolor C2,"(105, 80)",1,"(106, 37)",1,"(55, 78)",0,"('none', 'none')",0
30838,move green A,"(81, 82)",1,"(79, 54)",1,"(98, 63)",-1,"('none', 'none')",0
30838,uncover blue all,"(65, 86)",1,"(84, 37)",1,"(81, 69)",0,"('none', 'none')",0
30838,move red A,"(84, 76)",1,"(84, 38)",1,"(55, 67)",-1,"('none', 'none')",0
43467,clear nocolor A1,"(92, 68)",1,"(101, 68)",0,"(86, 59)",0,"(62, 59)",0
43467,cover red all,"(107, 74)",1,"(77, 66)",1,"(79, 88)",0,"(62, 83)",-1
43467,fill nocolor B1,"(99, 44)",1,"(92, 44)",1,"(60, 83)",-1,"(62, 57)",-1
43467,fill nocolor A2,"(60, 59)",1,"(60, 59)",1,"(78, 58)",1,"(62, 59)",1
43467,uncover green all,"(79, 82)",1,"(84, 82)",1,"(91, 61)",-1,"(79, 81)",1
43467,move green B1,"(84, 61)",1,"(99, 44)",0,"(72, 43)",1,"(87, 81)",0
43467,clear nocolor B2,"(99, 54)",1,"(99, 57)",1,"(94, 73)",0,"(99, 69)",1
43467,cover blue all,"(100, 89)",1,"(60, 81)",1,"(84, 67)",0,"(99, 83)",1
43467,move blue A,"(106, 76)",1,"(100, 76)",0,"(107, 76)",1,"(101, 41)",1
43467,uncover red all,"(62, 89)",1,"(62, 73)",1,"(60, 63)",1,"(80, 69)",1
97122,fill nocolor C2,"(103, 51)",1,"(103, 80)",0,"(77, 38)",0,"(69, 78)",-1
97122,move blue A1,"(76, 54)",1,"(86, 38)",1,"(94, 55)",1,"(89, 85)",1
97122,fill nocolor B1,"(77, 80)",1,"(86, 78)",1,"(79, 80)",0,"(72, 80)",1
97122,move green C,"(81, 57)",1,"(81, 51)",1,"(56, 80)",1,"(81, 57)",1
97122,uncover blue all,"(86, 57)",1,"(86, 85)",1,"(77, 38)",0,"(77, 102)",0
97122,uncover green all,"(56, 80)",1,"(81, 65)",0,"(83, 80)",1,"(83, 73)",1
97122,clear nocolor B2,"(100, 88)",1,"(100, 38)",1,"(83, 102)",1,"(83, 73)",1
97122,clear nocolor C2,"(89, 58)",1,"(69, 59)",1,"(79, 73)",0,"(89, 85)",1
97122,cover green all,"(69, 71)",1,"(106, 71)",1,"(76, 82)",0,"(89, 60)",0
97122,cover red all,"(76, 59)",1,"(91, 38)",1,"(83, 59)",1,"(81, 68)",0
13861,move red B1,"(76, 77)",1,"(81, 78)",1,"(96, 71)",0,"('none', 'none')",0
13861,uncover green all,"(75, 106)",1,"(75, 58)",1,"(93, 40)",1,"('none', 'none')",0
13861,move blue B,"(68, 63)",1,"(101, 57)",-1,"(81, 58)",-1,"('none', 'none')",0
13861,fill nocolor C1,"(95, 66)",1,"(98, 85)",1,"(84, 78)",-1,"('none', 'none')",0
13861,uncover red all,"(81, 82)",1,"(69, 71)",1,"(90, 83)",0,"('none', 'none')",0
13861,fill nocolor A1,"(84, 37)",1,"(89, 56)",1,"(72, 58)",0,"('none', 'none')",0
13861,clear nocolor B,"(100, 85)",1,"(100, 50)",1,"(69, 106)",0,"('none', 'none')",0
13861,clear nocolor A,"(74, 66)",1,"(90, 50)",1,"(79, 50)",0,"(89, 106)",0
13861,cover green all,"(98, 61)",1,"(98, 61)",1,"(96, 57)",0,"(96, 85)",1
13861,cover blue all,"(101, 50)",1,"(100, 83)",1,"(75, 51)",0,"(68, 66)",0
36961,uncover green all,"(80, 67)",1,"(89, 51)",1,"(80, 71)",0,"('none', 'none')",0
36961,cover red all,"(75, 72)",1,"(91, 57)",1,"(81, 71)",-1,"('none', 'none')",0
36961,clear nocolor C,"(86, 63)",1,"(88, 59)",1,"(90, 68)",-1,"('none', 'none')",0
36961,clear nocolor C2,"(89, 72)",1,"(89, 47)",1,"(85, 63)",0,"(80, 68)",0
36961,cover green all,"(91, 59)",1,"(91, 59)",1,"(100, 72)",0,"('none', 'none')",0
36961,uncover blue all,"(69, 82)",1,"(69, 92)",1,"(79, 82)",0,"('none', 'none')",0
36961,move red C,"(100, 51)",1,"(80, 102)",0,"(77, 71)",0,"('none', 'none')",0
36961,fill nocolor A1,"(77, 72)",1,"(79, 92)",1,"(100, 58)",0,"('none', 'none')",0
36961,fill nocolor B2,"(90, 82)",1,"(89, 73)",0,"(76, 92)",0,"('none', 'none')",0
36961,move green B2,"(79, 58)",1,"(75, 71)",0,"(86, 78)",0,"('none', 'none')",0
29499,move green C1,"(72, 55)",1,"(101, 67)",1,"(59, 84)",1,"(64, 69)",0
29499,move green B2,"(59, 68)",1,"(63, 54)",-1,"(64, 78)",-1,"(64, 65)",0
29499,clear nocolor C1,"(86, 46)",1,"(86, 97)",1,"(58, 45)",0,"(92, 65)",0
29499,fill nocolor B2,"(92, 45)",1,"(87, 54)",0,"(59, 45)",1,"(76, 45)",1
29499,uncover blue all,"(58, 97)",1,"(85, 89)",0,"(76, 54)",2,"(76, 54)",2
29499,cover green all,"(107, 62)",1,"(86, 83)",1,"(76, 54)",0,"(76, 74)",1
29499,cover blue all,"(73, 68)",1,"(58, 41)",1,"(91, 67)",1,"(72, 93)",0
29499,clear nocolor C,"(88, 93)",1,"(72, 97)",0,"(64, 40)",0,"(64, 75)",0
29499,fill nocolor B1,"(58, 62)",1,"(73, 97)",1,"(59, 79)",1,"(82, 74)",0
29499,uncover red all,"(73, 67)",1,"(85, 78)",0,"(59, 83)",1,"(63, 78)",1
74257,uncover green all,"(78, 65)",1,"(94, 74)",0,"(68, 77)",1,"('none', 'none')",0
74257,clear nocolor B,"(78, 87)",1,"(80, 50)",1,"(92, 39)",0,"(103, 71)",0
74257,cover green all,"(100, 50)",0,"(105, 81)",0,"(99, 87)",0,"(75, 65)",-1
74257,fill nocolor C2,"(83, 87)",1,"(103, 62)",0,"(50, 72)",0,"('none', 'none')",0
74257,fill nocolor B1,"(105, 62)",1,"(57, 81)",0,"(55, 74)",0,"(79, 77)",-1
74257,move green B,"(99, 76)",0,"(55, 66)",1,"(78, 77)",0,"('none', 'none')",0
74257,cover red all,"(106, 50)",1,"(105, 50)",1,"(55, 74)",1,"('none', 'none')",0
74257,uncover red all,"(83, 87)",1,"(89, 81)",1,"(55, 60)",0,"(79, 76)",-1
74257,clear nocolor A2,"(57, 87)",1,"(57, 82)",1,"(78, 61)",0,"(79, 72)",0
74257,move red B1,"(83, 39)",1,"(89, 39)",0,"(80, 82)",0,"(89, 94)",1
97778,clear nocolor C2,"(87, 65)",1,"(85, 61)",0,"(72, 67)",0,"(105, 50)",1
97778,fill nocolor C1,"(95, 68)",1,"(72, 78)",0,"(80, 68)",1,"(107, 62)",0
97778,uncover green all,"(64, 61)",1,"(89, 78)",0,"(80, 71)",0,"('none', 'none')",0
97778,cover blue all,"(66, 77)",1,"(80, 61)",1,"(81, 58)",-2,"(83, 77)",0
97778,move red A2,"(86, 76)",1,"(86, 106)",0,"(86, 92)",0,"(66, 76)",1
97778,clear nocolor B1,"(96, 67)",1,"(96, 106)",1,"(83, 78)",-1,"('none', 'none')",0
97778,fill nocolor B1,"(93, 78)",1,"(95, 71)",0,"(83, 69)",0,"('none', 'none')",0
97778,uncover red all,"(79, 73)",1,"(96, 77)",0,"(80, 74)",1,"('none', 'none')",0
97778,move green C,"(72, 68)",1,"(85, 61)",-1,"(94, 106)",0,"(63, 68)",1
97778,cover red all,"(85, 78)",1,"(91, 61)",0,"(86, 69)",1,"('none', 'none')",0
24954,uncover green all,"(69, 59)",1,"(86, 71)",-1,"(79, 70)",1,"(79, 57)",1
24954,uncover blue all,"(77, 82)",1,"(55, 54)",1,"(95, 51)",0,"(89, 78)",0
24954,cover green all,"(67, 51)",1,"(67, 82)",1,"(88, 82)",1,"(100, 68)",1
24954,fill nocolor B1,"(88, 61)",1,"(89, 78)",1,"(55, 76)",0,"(94, 101)",0
24954,cover red all,"(88, 59)",1,"(94, 59)",1,"(73, 84)",1,"(73, 81)",0
24954,move red C2,"(72, 82)",1,"(88, 76)",-1,"(79, 74)",0,"(99, 74)",0
24954,move green B2,"(55, 70)",1,"(86, 78)",0,"(88, 78)",0,"(55, 59)",1
24954,clear nocolor C,"(69, 54)",1,"(72, 61)",0,"(86, 76)",1,"(86, 37)",1
24954,fill nocolor B2,"(94, 82)",1,"(99, 61)",-1,"(69, 102)",0,"(94, 81)",1
24954,clear nocolor A1,"(92, 51)",1,"(89, 54)",-1,"(55, 59)",1,"(88, 59)",0
85713,move blue B2,"(88, 73)",1,"(89, 73)",0,"(89, 83)",1,"('none', 'none')",0
85713,fill nocolor A1,"(59, 73)",1,"(88, 90)",1,"(69, 85)",0,"('none', 'none')",0
85713,fill nocolor C2,"(75, 70)",1,"(100, 70)",1,"(59, 71)",1,"(59, 40)",0
85713,cover blue all,"(68, 57)",1,"(78, 57)",1,"(98, 102)",0,"(88, 60)",0
85713,clear nocolor C,"(68, 40)",1,"(89, 57)",1,"(86, 70)",0,"('none', 'none')",0
85713,uncover green all,"(59, 50)",1,"(78, 90)",1,"(78, 102)",1,"('none', 'none')",0
85713,cover red all,"(97, 70)",1,"(89, 50)",1,"(68, 102)",-1,"('none', 'none')",0
85713,uncover red all,"(59, 85)",1,"(68, 40)",1,"(77, 90)",1,"('none', 'none')",0
85713,clear nocolor B1,"(78, 57)",1,"(98, 82)",1,"(96, 82)",1,"('none', 'none')",0
85713,move blue C1,"(69, 82)",1,"(74, 50)",1,"(91, 85)",0,"('none', 'none')",0
