"helperRandCode","architectRandCode","config","goalnumber","goal","helperChoice","helperChoiceTime","helperMove","architectMove","architectChoiceTime","goalSuccess"
39232,"NA","white,white,white,white,white,white,white,white,white,white,white,white,white,white,white,white,white,white,white,white,white,white,white,white,white,white,white,white,white,white,white,white,white,white,white,white,white,white,white,white,white,white,white,white,white,white,white,white,white,white,white,white,white,white,red,white,white,white,red,white,white,white,white,white,white,white,blue,white,white,white,white,blue,green,green,green,blue,red,white,blue,white,white,white,green,white,red,white,blue,white,white,green,blue,red,green,blue,red,blue,red,red,white,blue,green,green,blue,red,red,white,green,green",1,"uncover blue all",999,"NA",999,"move a block from row4cell01 to circlerow6cell09",8304,"NA"
39232,30053,"NA",1,"uncover blue all","pass",11709,"pass",999,"NA",0
39232,30053,"white,white,white,white,white,white,white,white,white,white,white,white,white,white,white,white,white,white,white,white,white,white,white,white,white,white,white,white,white,white,white,white,white,white,white,white,white,white,white,white,white,white,white,white,white,white,white,white,white,white,white,white,white,white,red,white,white,white,red,white,white,white,white,white,white,white,blue,white,white,white,white,blue,green,green,green,blue,red,white,blue,white,white,white,green,white,red,white,blue,white,white,green,blue,red,green,blue,red,blue,red,red,white,blue,green,green,blue,red,red,white,green,green",1,"uncover blue all",999,"NA",999,"move a block from row5cell01 to circlerow5cell08",9716,"NA"
39232,30053,"white,white,white,white,white,white,white,white,white,white,white,white,white,white,white,white,white,white,white,white,white,white,white,white,white,white,white,white,white,white,white,white,white,white,white,white,white,white,white,white,white,white,white,white,white,white,white,white,white,white,white,white,white,white,red,white,white,white,red,white,white,white,white,white,white,white,blue,white,white,white,white,blue,green,green,green,blue,red,white,blue,white,white,white,green,white,red,white,blue,white,white,green,blue,red,green,blue,red,blue,red,red,white,blue,green,green,blue,red,red,white,green,green",1,"uncover blue all","pass",7578,"pass",999,9716,0
39232,30053,"white,white,white,white,white,white,white,white,white,white,white,white,white,white,white,white,white,white,white,white,white,white,white,white,white,white,white,white,white,white,white,white,white,white,white,white,white,white,white,white,white,white,white,white,white,white,white,white,white,white,white,white,white,white,red,white,white,white,red,white,white,white,white,white,white,white,blue,white,white,white,white,blue,green,green,green,blue,red,white,blue,white,white,white,green,white,red,white,blue,white,white,green,blue,red,green,blue,red,blue,red,red,white,blue,green,green,blue,red,red,white,green,green",1,"uncover blue all",999,7578,999,"move a block from row5cell04 to circlerow4cell03",3841,0
39232,30053,"white,white,white,white,white,white,white,white,white,white,white,white,white,white,white,white,white,white,white,white,white,white,white,white,white,white,white,white,white,white,white,white,white,white,white,white,white,white,white,white,white,white,white,white,white,white,white,white,white,white,white,white,white,white,red,white,white,white,red,white,white,white,white,white,white,white,blue,white,white,white,white,blue,green,green,green,blue,red,white,blue,white,white,white,green,white,red,white,blue,white,white,green,blue,red,green,blue,red,blue,red,red,white,blue,green,green,blue,red,red,white,green,green",1,"uncover blue all","pass",19460,"pass",999,3841,0
39232,30053,"white,white,white,white,white,white,white,white,white,white,white,white,white,white,white,white,white,white,white,white,white,white,white,white,white,white,white,white,white,white,white,white,white,white,white,white,white,white,white,white,white,white,white,white,white,white,white,white,white,white,white,white,white,white,red,white,white,white,red,white,white,white,white,white,white,white,blue,white,white,white,white,blue,green,green,green,blue,red,white,blue,white,white,white,green,white,red,white,blue,white,white,green,blue,red,green,blue,red,blue,red,red,white,blue,green,green,blue,red,red,white,green,green",1,"uncover blue all",999,19460,999,"move a block from row4cell13 to circlerow5cell14",6832,0
39232,30053,"white,white,white,white,white,white,white,white,white,white,white,white,white,white,white,white,white,white,white,white,white,white,white,white,white,white,white,white,white,white,white,white,white,white,white,white,white,white,white,white,white,white,white,white,white,white,white,white,white,white,white,white,white,white,red,white,white,white,red,white,white,white,white,white,white,white,blue,white,white,white,white,blue,green,green,green,blue,red,white,blue,white,white,white,green,white,red,white,blue,white,white,green,blue,red,green,blue,red,blue,red,red,white,blue,green,green,blue,red,red,white,green,green",1,"uncover blue all","move",5331,"move a block from row4cell18 to circlerow6cell16",999,6832,0
39232,30053,"white,white,white,white,white,white,white,white,white,white,white,white,white,white,white,white,white,white,white,white,white,white,white,white,white,white,white,white,white,white,white,white,white,white,white,white,white,white,white,white,white,white,white,white,white,white,white,white,white,white,white,white,white,white,red,white,white,white,red,white,white,white,white,white,white,white,blue,white,white,white,white,blue,green,green,green,blue,red,white,blue,white,white,white,green,white,red,white,blue,white,white,green,blue,red,green,blue,red,blue,red,red,white,blue,green,green,blue,red,red,white,green,green",1,"uncover blue all",999,5331,999,"move a block from row5cell13 to circlerow5cell17",2867,0
39232,30053,"white,white,white,white,white,white,white,white,white,white,white,white,white,white,white,white,white,white,white,white,white,white,white,white,white,white,white,white,white,white,white,white,white,white,white,white,white,white,white,white,white,white,white,white,white,white,white,white,white,white,white,white,white,white,red,white,white,white,red,white,white,white,white,white,white,white,blue,white,white,white,white,blue,green,green,green,blue,red,white,blue,white,white,white,green,white,red,white,blue,white,white,green,blue,red,green,blue,red,blue,red,red,white,blue,green,green,blue,red,red,white,green,green",1,"uncover blue all","done",5331,"done",999,2867,0
39232,30053,"white,white,white,white,white,white,white,white,white,white,white,white,white,white,white,white,white,white,white,white,white,white,white,white,white,white,white,white,white,white,white,white,white,white,white,white,white,white,white,white,white,white,white,white,white,white,white,white,white,white,white,white,white,white,red,white,white,white,red,white,white,white,white,white,white,white,blue,white,white,white,white,blue,green,green,green,blue,red,white,blue,white,white,white,green,white,red,white,blue,white,white,green,blue,red,green,blue,red,blue,red,red,white,blue,green,green,blue,red,red,white,green,green",2,"clear nocolor B",999,5331,999,"move a block from row6cell08 to circlerow6cell16",8638,1
39232,30053,"white,white,white,white,white,white,white,white,white,white,white,white,white,white,white,white,white,white,white,white,white,white,white,white,white,white,white,white,white,white,white,white,white,white,white,white,white,white,white,white,white,white,white,white,white,white,white,white,white,white,white,white,white,white,red,white,white,white,red,white,white,white,white,white,white,white,blue,white,white,white,white,blue,green,green,green,blue,red,white,blue,white,white,white,green,white,red,white,blue,white,white,green,blue,red,green,blue,red,blue,red,red,white,blue,green,green,blue,red,red,white,green,green",2,"clear nocolor B","pass",30543,"pass",999,8638,0
39232,30053,"white,white,white,white,white,white,white,white,white,white,white,white,white,white,white,white,white,white,white,white,white,white,white,white,white,white,white,white,white,white,white,white,white,white,white,white,white,white,white,white,white,white,white,white,white,white,white,white,white,white,white,white,white,white,red,white,white,white,red,white,white,white,white,white,white,white,blue,white,white,white,white,blue,green,green,green,blue,red,white,blue,white,white,white,green,white,red,white,blue,white,white,green,blue,red,green,blue,red,blue,red,red,white,blue,green,green,blue,red,red,white,green,green",2,"clear nocolor B",999,30543,999,"move a block from row6cell10 to circlerow5cell14",4343,0
39232,30053,"white,white,white,white,white,white,white,white,white,white,white,white,white,white,white,white,white,white,white,white,white,white,white,white,white,white,white,white,white,white,white,white,white,white,white,white,white,white,white,white,white,white,white,white,white,white,white,white,white,white,white,white,white,white,red,white,white,white,red,white,white,white,white,white,white,white,blue,white,white,white,white,blue,green,green,green,blue,red,white,blue,white,white,white,green,white,red,white,blue,white,white,green,blue,red,green,blue,red,blue,red,red,white,blue,green,green,blue,red,red,white,green,green",2,"clear nocolor B","pass",60642,"pass",999,4343,0
39232,30053,"white,white,white,white,white,white,white,white,white,white,white,white,white,white,white,white,white,white,white,white,white,white,white,white,white,white,white,white,white,white,white,white,white,white,white,white,white,white,white,white,white,white,white,white,white,white,white,white,white,white,white,white,white,white,red,white,white,white,red,white,white,white,white,white,white,white,blue,white,white,white,white,blue,green,green,green,blue,red,white,blue,white,white,white,green,white,red,white,blue,white,white,green,blue,red,green,blue,red,blue,red,red,white,blue,green,green,blue,red,red,white,green,green",2,"clear nocolor B",999,60642,999,"move a block from row5cell11 to circlerow5cell16",4117,0
39232,30053,"white,white,white,white,white,white,white,white,white,white,white,white,white,white,white,white,white,white,white,white,white,white,white,white,white,white,white,white,white,white,white,white,white,white,white,white,white,white,white,white,white,white,white,white,white,white,white,white,white,white,white,white,white,white,red,white,white,white,red,white,white,white,white,white,white,white,blue,white,white,white,white,blue,green,green,green,blue,red,white,blue,white,white,white,green,white,red,white,blue,white,white,green,blue,red,green,blue,red,blue,red,red,white,blue,green,green,blue,red,red,white,green,green",2,"clear nocolor B","pass",36965,"pass",999,4117,0
39232,30053,"white,white,white,white,white,white,white,white,white,white,white,white,white,white,white,white,white,white,white,white,white,white,white,white,white,white,white,white,white,white,white,white,white,white,white,white,white,white,white,white,white,white,white,white,white,white,white,white,white,white,white,white,white,white,red,white,white,white,red,white,white,white,white,white,white,white,blue,white,white,white,white,blue,green,green,green,blue,red,white,blue,white,white,white,green,white,red,white,blue,white,white,green,blue,red,green,blue,red,blue,red,red,white,blue,green,green,blue,red,red,white,green,green",2,"clear nocolor B",999,36965,999,"move a block from row6cell11 to circlerow5cell17",4172,0
39232,30053,"white,white,white,white,white,white,white,white,white,white,white,white,white,white,white,white,white,white,white,white,white,white,white,white,white,white,white,white,white,white,white,white,white,white,white,white,white,white,white,white,white,white,white,white,white,white,white,white,white,white,white,white,white,white,red,white,white,white,red,white,white,white,white,white,white,white,blue,white,white,white,white,blue,green,green,green,blue,red,white,blue,white,white,white,green,white,red,white,blue,white,white,green,blue,red,green,blue,red,blue,red,red,white,blue,green,green,blue,red,red,white,green,green",2,"clear nocolor B","move",6542,"move a block from row6cell12 to circlerow4cell17",999,4172,0
39232,30053,"white,white,white,white,white,white,white,white,white,white,white,white,white,white,white,white,white,white,white,white,white,white,white,white,white,white,white,white,white,white,white,white,white,white,white,white,white,white,white,white,white,white,white,white,white,white,white,white,white,white,white,white,white,white,red,white,white,white,red,white,white,white,white,white,white,white,blue,white,white,white,white,blue,green,green,green,blue,red,white,blue,white,white,white,green,white,red,white,blue,white,white,green,blue,red,green,blue,red,blue,red,red,white,blue,green,green,blue,red,red,white,green,green",2,"clear nocolor B",999,6542,999,"move a block from row5cell07 to circlerow5cell06",2737,0
39232,30053,"white,white,white,white,white,white,white,white,white,white,white,white,white,white,white,white,white,white,white,white,white,white,white,white,white,white,white,white,white,white,white,white,white,white,white,white,white,white,white,white,white,white,white,white,white,white,white,white,white,white,white,white,white,white,red,white,white,white,red,white,white,white,white,white,white,white,blue,white,white,white,white,blue,green,green,green,blue,red,white,blue,white,white,white,green,white,red,white,blue,white,white,green,blue,red,green,blue,red,blue,red,red,white,blue,green,green,blue,red,red,white,green,green",2,"clear nocolor B","pass",76095,"pass",999,2737,0
39232,30053,"white,white,white,white,white,white,white,white,white,white,white,white,white,white,white,white,white,white,white,white,white,white,white,white,white,white,white,white,white,white,white,white,white,white,white,white,white,white,white,white,white,white,white,white,white,white,white,white,white,white,white,white,white,white,red,white,white,white,red,white,white,white,white,white,white,white,blue,white,white,white,white,blue,green,green,green,blue,red,white,blue,white,white,white,green,white,red,white,blue,white,white,green,blue,red,green,blue,red,blue,red,red,white,blue,green,green,blue,red,red,white,green,green",2,"clear nocolor B",999,76095,999,"move a block from row6cell07 to circlerow4cell06",7665,0
39232,30053,"white,white,white,white,white,white,white,white,white,white,white,white,white,white,white,white,white,white,white,white,white,white,white,white,white,white,white,white,white,white,white,white,white,white,white,white,white,white,white,white,white,white,white,white,white,white,white,white,white,white,white,white,white,white,red,white,white,white,red,white,white,white,white,white,white,white,blue,white,white,white,white,blue,green,green,green,blue,red,white,blue,white,white,white,green,white,red,white,blue,white,white,green,blue,red,green,blue,red,blue,red,red,white,blue,green,green,blue,red,red,white,green,green",2,"clear nocolor B","done",76095,"done",999,7665,0
39232,30053,"white,white,white,white,white,white,white,white,white,white,white,white,white,white,white,white,white,white,white,white,white,white,white,white,white,white,white,white,white,white,white,white,white,white,white,white,white,white,white,white,white,white,white,white,white,white,white,white,white,white,white,white,white,white,red,white,white,white,red,white,white,white,white,white,white,white,blue,white,white,white,white,blue,green,green,green,blue,red,white,blue,white,white,white,green,white,red,white,blue,white,white,green,blue,red,green,blue,red,blue,red,red,white,blue,green,green,blue,red,red,white,green,green",3,"move blue B",999,76095,999,"move a block from row4cell13 to circlerow6cell09",4965,1
39232,30053,"white,white,white,white,white,white,white,white,white,white,white,white,white,white,white,white,white,white,white,white,white,white,white,white,white,white,white,white,white,white,white,white,white,white,white,white,white,white,white,white,white,white,white,white,white,white,white,white,white,white,white,white,white,white,red,white,white,white,red,white,white,white,white,white,white,white,blue,white,white,white,white,blue,green,green,green,blue,red,white,blue,white,white,white,green,white,red,white,blue,white,white,green,blue,red,green,blue,red,blue,red,red,white,blue,green,green,blue,red,red,white,green,green",3,"move blue B","move",7500,"move a block from row5cell11 to circlerow4cell03",999,4965,0
39232,30053,"white,white,white,white,white,white,white,white,white,white,white,white,white,white,white,white,white,white,white,white,white,white,white,white,white,white,white,white,white,white,white,white,white,white,white,white,white,white,white,white,white,white,white,white,white,white,white,white,white,white,white,white,white,white,red,white,white,white,red,white,white,white,white,white,white,white,blue,white,white,white,white,blue,green,green,green,blue,red,white,blue,white,white,white,green,white,red,white,blue,white,white,green,blue,red,green,blue,red,blue,red,red,white,blue,green,green,blue,red,red,white,green,green",3,"move blue B",999,7500,999,"move a block from row4cell18 to circlerow5cell08",3228,0
39232,30053,"white,white,white,white,white,white,white,white,white,white,white,white,white,white,white,white,white,white,white,white,white,white,white,white,white,white,white,white,white,white,white,white,white,white,white,white,white,white,white,white,white,white,white,white,white,white,white,white,white,white,white,white,white,white,red,white,white,white,red,white,white,white,white,white,white,white,blue,white,white,white,white,blue,green,green,green,blue,red,white,blue,white,white,white,green,white,red,white,blue,white,white,green,blue,red,green,blue,red,blue,red,red,white,blue,green,green,blue,red,red,white,green,green",3,"move blue B","pass",8297,"pass",999,3228,0
39232,30053,"white,white,white,white,white,white,white,white,white,white,white,white,white,white,white,white,white,white,white,white,white,white,white,white,white,white,white,white,white,white,white,white,white,white,white,white,white,white,white,white,white,white,white,white,white,white,white,white,white,white,white,white,white,white,red,white,white,white,red,white,white,white,white,white,white,white,blue,white,white,white,white,blue,green,green,green,blue,red,white,blue,white,white,white,green,white,red,white,blue,white,white,green,blue,red,green,blue,red,blue,red,red,white,blue,green,green,blue,red,red,white,green,green",3,"move blue B",999,8297,999,"move a block from row5cell15 to row5cell09",4503,0
39232,30053,"white,white,white,white,white,white,white,white,white,white,white,white,white,white,white,white,white,white,white,white,white,white,white,white,white,white,white,white,white,white,white,white,white,white,white,white,white,white,white,white,white,white,white,white,white,white,white,white,white,white,white,white,white,white,red,white,white,white,red,white,white,white,white,white,white,white,blue,white,white,white,white,blue,green,green,green,blue,red,white,blue,white,white,white,green,white,red,white,blue,white,white,green,blue,red,green,blue,red,blue,red,red,white,blue,green,green,blue,red,red,white,green,green",3,"move blue B","pass",6133,"pass",999,4503,0
39232,30053,"white,white,white,white,white,white,white,white,white,white,white,white,white,white,white,white,white,white,white,white,white,white,white,white,white,white,white,white,white,white,white,white,white,white,white,white,white,white,white,white,white,white,white,white,white,white,white,white,white,white,white,white,white,white,red,white,white,white,red,white,white,white,white,white,white,white,blue,white,white,white,white,blue,green,green,green,blue,red,white,blue,white,white,white,green,white,red,white,blue,white,white,green,blue,red,green,blue,red,blue,red,red,white,blue,green,green,blue,red,red,white,green,green",3,"move blue B",999,6133,999,"move a block from row5cell04 to circlerow5cell10",5631,0
39232,30053,"white,white,white,white,white,white,white,white,white,white,white,white,white,white,white,white,white,white,white,white,white,white,white,white,white,white,white,white,white,white,white,white,white,white,white,white,white,white,white,white,white,white,white,white,white,white,white,white,white,white,white,white,white,white,red,white,white,white,red,white,white,white,white,white,white,white,blue,white,white,white,white,blue,green,green,green,blue,red,white,blue,white,white,white,green,white,red,white,blue,white,white,green,blue,red,green,blue,red,blue,red,red,white,blue,green,green,blue,red,red,white,green,green",3,"move blue B","pass",7257,"pass",999,5631,0
39232,30053,"white,white,white,white,white,white,white,white,white,white,white,white,white,white,white,white,white,white,white,white,white,white,white,white,white,white,white,white,white,white,white,white,white,white,white,white,white,white,white,white,white,white,white,white,white,white,white,white,white,white,white,white,white,white,red,white,white,white,red,white,white,white,white,white,white,white,blue,white,white,white,white,blue,green,green,green,blue,red,white,blue,white,white,white,green,white,red,white,blue,white,white,green,blue,red,green,blue,red,blue,red,red,white,blue,green,green,blue,red,red,white,green,green",3,"move blue B",999,7257,999,"move a block from row6cell06 to circlerow5cell11",3677,0
39232,30053,"white,white,white,white,white,white,white,white,white,white,white,white,white,white,white,white,white,white,white,white,white,white,white,white,white,white,white,white,white,white,white,white,white,white,white,white,white,white,white,white,white,white,white,white,white,white,white,white,white,white,white,white,white,white,red,white,white,white,red,white,white,white,white,white,white,white,blue,white,white,white,white,blue,green,green,green,blue,red,white,blue,white,white,white,green,white,red,white,blue,white,white,green,blue,red,green,blue,red,blue,red,red,white,blue,green,green,blue,red,red,white,green,green",3,"move blue B","pass",20654,"pass",999,3677,0
39232,30053,"white,white,white,white,white,white,white,white,white,white,white,white,white,white,white,white,white,white,white,white,white,white,white,white,white,white,white,white,white,white,white,white,white,white,white,white,white,white,white,white,white,white,white,white,white,white,white,white,white,white,white,white,white,white,red,white,white,white,red,white,white,white,white,white,white,white,blue,white,white,white,white,blue,green,green,green,blue,red,white,blue,white,white,white,green,white,red,white,blue,white,white,green,blue,red,green,blue,red,blue,red,red,white,blue,green,green,blue,red,red,white,green,green",3,"move blue B",999,20654,999,"move a block from row6cell04 to row5cell12",3726,0
39232,30053,"white,white,white,white,white,white,white,white,white,white,white,white,white,white,white,white,white,white,white,white,white,white,white,white,white,white,white,white,white,white,white,white,white,white,white,white,white,white,white,white,white,white,white,white,white,white,white,white,white,white,white,white,white,white,red,white,white,white,red,white,white,white,white,white,white,white,blue,white,white,white,white,blue,green,green,green,blue,red,white,blue,white,white,white,green,white,red,white,blue,white,white,green,blue,red,green,blue,red,blue,red,red,white,blue,green,green,blue,red,red,white,green,green",3,"move blue B","pass",23902,"pass",999,3726,0
39232,30053,"white,white,white,white,white,white,white,white,white,white,white,white,white,white,white,white,white,white,white,white,white,white,white,white,white,white,white,white,white,white,white,white,white,white,white,white,white,white,white,white,white,white,white,white,white,white,white,white,white,white,white,white,white,white,red,white,white,white,red,white,white,white,white,white,white,white,blue,white,white,white,white,blue,green,green,green,blue,red,white,blue,white,white,white,green,white,red,white,blue,white,white,green,blue,red,green,blue,red,blue,red,red,white,blue,green,green,blue,red,red,white,green,green",3,"move blue B",999,23902,999,"move a block from row5cell13 to circlerow6cell16",2652,0
39232,30053,"white,white,white,white,white,white,white,white,white,white,white,white,white,white,white,white,white,white,white,white,white,white,white,white,white,white,white,white,white,white,white,white,white,white,white,white,white,white,white,white,white,white,white,white,white,white,white,white,white,white,white,white,white,white,red,white,white,white,red,white,white,white,white,white,white,white,blue,white,white,white,white,blue,green,green,green,blue,red,white,blue,white,white,white,green,white,red,white,blue,white,white,green,blue,red,green,blue,red,blue,red,red,white,blue,green,green,blue,red,red,white,green,green",3,"move blue B","pass",24378,"pass",999,2652,0
39232,30053,"white,white,white,white,white,white,white,white,white,white,white,white,white,white,white,white,white,white,white,white,white,white,white,white,white,white,white,white,white,white,white,white,white,white,white,white,white,white,white,white,white,white,white,white,white,white,white,white,white,white,white,white,white,white,red,white,white,white,red,white,white,white,white,white,white,white,blue,white,white,white,white,blue,green,green,green,blue,red,white,blue,white,white,white,green,white,red,white,blue,white,white,green,blue,red,green,blue,red,blue,red,red,white,blue,green,green,blue,red,red,white,green,green",3,"move blue B",999,24378,999,"move a block from row6cell13 to circlerow4cell07",4420,0
39232,30053,"white,white,white,white,white,white,white,white,white,white,white,white,white,white,white,white,white,white,white,white,white,white,white,white,white,white,white,white,white,white,white,white,white,white,white,white,white,white,white,white,white,white,white,white,white,white,white,white,white,white,white,white,white,white,red,white,white,white,red,white,white,white,white,white,white,white,blue,white,white,white,white,blue,green,green,green,blue,red,white,blue,white,white,white,green,white,red,white,blue,white,white,green,blue,red,green,blue,red,blue,red,red,white,blue,green,green,blue,red,red,white,green,green",3,"move blue B","pass",12773,"pass",999,4420,0
39232,30053,"white,white,white,white,white,white,white,white,white,white,white,white,white,white,white,white,white,white,white,white,white,white,white,white,white,white,white,white,white,white,white,white,white,white,white,white,white,white,white,white,white,white,white,white,white,white,white,white,white,white,white,white,white,white,red,white,white,white,red,white,white,white,white,white,white,white,blue,white,white,white,white,blue,green,green,green,blue,red,white,blue,white,white,white,green,white,red,white,blue,white,white,green,blue,red,green,blue,red,blue,red,red,white,blue,green,green,blue,red,red,white,green,green",3,"move blue B",999,12773,999,"move a block from row4cell01 to circlerow6cell04",4847,0
39232,30053,"white,white,white,white,white,white,white,white,white,white,white,white,white,white,white,white,white,white,white,white,white,white,white,white,white,white,white,white,white,white,white,white,white,white,white,white,white,white,white,white,white,white,white,white,white,white,white,white,white,white,white,white,white,white,red,white,white,white,red,white,white,white,white,white,white,white,blue,white,white,white,white,blue,green,green,green,blue,red,white,blue,white,white,white,green,white,red,white,blue,white,white,green,blue,red,green,blue,red,blue,red,red,white,blue,green,green,blue,red,red,white,green,green",3,"move blue B","pass",7055,"pass",999,4847,0
39232,30053,"white,white,white,white,white,white,white,white,white,white,white,white,white,white,white,white,white,white,white,white,white,white,white,white,white,white,white,white,white,white,white,white,white,white,white,white,white,white,white,white,white,white,white,white,white,white,white,white,white,white,white,white,white,white,red,white,white,white,red,white,white,white,white,white,white,white,blue,white,white,white,white,blue,green,green,green,blue,red,white,blue,white,white,white,green,white,red,white,blue,white,white,green,blue,red,green,blue,red,blue,red,red,white,blue,green,green,blue,red,red,white,green,green",3,"move blue B",999,7055,999,"move a block from row5cell01 to circlerow6cell06",3034,0
39232,30053,"white,white,white,white,white,white,white,white,white,white,white,white,white,white,white,white,white,white,white,white,white,white,white,white,white,white,white,white,white,white,white,white,white,white,white,white,white,white,white,white,white,white,white,white,white,white,white,white,white,white,white,white,white,white,red,white,white,white,red,white,white,white,white,white,white,white,blue,white,white,white,white,blue,green,green,green,blue,red,white,blue,white,white,white,green,white,red,white,blue,white,white,green,blue,red,green,blue,red,blue,red,red,white,blue,green,green,blue,red,red,white,green,green",3,"move blue B","move",6330,"move a block from row4cell07 to circlerow6cell13",999,3034,0
39232,30053,"white,white,white,white,white,white,white,white,white,white,white,white,white,white,white,white,white,white,white,white,white,white,white,white,white,white,white,white,white,white,white,white,white,white,white,white,white,white,white,white,white,white,white,white,white,white,white,white,white,white,white,white,white,white,red,white,white,white,red,white,white,white,white,white,white,white,blue,white,white,white,white,blue,green,green,green,blue,red,white,blue,white,white,white,green,white,red,white,blue,white,white,green,blue,red,green,blue,red,blue,red,red,white,blue,green,green,blue,red,red,white,green,green",3,"move blue B",999,6330,999,"move a block from row6cell01 to circlerow4cell07",4623,0
39232,30053,"white,white,white,white,white,white,white,white,white,white,white,white,white,white,white,white,white,white,white,white,white,white,white,white,white,white,white,white,white,white,white,white,white,white,white,white,white,white,white,white,white,white,white,white,white,white,white,white,white,white,white,white,white,white,red,white,white,white,red,white,white,white,white,white,white,white,blue,white,white,white,white,blue,green,green,green,blue,red,white,blue,white,white,white,green,white,red,white,blue,white,white,green,blue,red,green,blue,red,blue,red,red,white,blue,green,green,blue,red,red,white,green,green",3,"move blue B","pass",7212,"pass",999,4623,0
39232,30053,"white,white,white,white,white,white,white,white,white,white,white,white,white,white,white,white,white,white,white,white,white,white,white,white,white,white,white,white,white,white,white,white,white,white,white,white,white,white,white,white,white,white,white,white,white,white,white,white,white,white,white,white,white,white,red,white,white,white,red,white,white,white,white,white,white,white,blue,white,white,white,white,blue,green,green,green,blue,red,white,blue,white,white,white,green,white,red,white,blue,white,white,green,blue,red,green,blue,red,blue,red,red,white,blue,green,green,blue,red,red,white,green,green",3,"move blue B",999,7212,999,"move a block from row6cell13 to circlerow4cell12",3341,0
39232,30053,"white,white,white,white,white,white,white,white,white,white,white,white,white,white,white,white,white,white,white,white,white,white,white,white,white,white,white,white,white,white,white,white,white,white,white,white,white,white,white,white,white,white,white,white,white,white,white,white,white,white,white,white,white,white,red,white,white,white,red,white,white,white,white,white,white,white,blue,white,white,white,white,blue,green,green,green,blue,red,white,blue,white,white,white,green,white,red,white,blue,white,white,green,blue,red,green,blue,red,blue,red,red,white,blue,green,green,blue,red,red,white,green,green",3,"move blue B","done",7212,"done",999,3341,0
39232,30053,"white,white,white,white,white,white,white,white,white,white,white,white,white,white,white,white,white,white,white,white,white,white,white,white,white,white,white,white,white,white,white,white,white,white,white,white,white,white,white,white,white,white,white,white,white,white,white,white,white,white,white,white,white,white,red,white,white,white,red,white,white,white,white,white,white,white,blue,white,white,white,white,blue,green,green,green,blue,red,white,blue,white,white,white,green,white,red,white,blue,white,white,green,blue,red,green,blue,red,blue,red,red,white,blue,green,green,blue,red,red,white,green,green",4,"fill nocolor A2",999,7212,999,"move a block from row5cell07 to row5cell06",5922,1
39232,30053,"white,white,white,white,white,white,white,white,white,white,white,white,white,white,white,white,white,white,white,white,white,white,white,white,white,white,white,white,white,white,white,white,white,white,white,white,white,white,white,white,white,white,white,white,white,white,white,white,white,white,white,white,white,white,red,white,white,white,red,white,white,white,white,white,white,white,blue,white,white,white,white,blue,green,green,green,blue,red,white,blue,white,white,white,green,white,red,white,blue,white,white,green,blue,red,green,blue,red,blue,red,red,white,blue,green,green,blue,red,red,white,green,green",4,"fill nocolor A2","move",4092,"move a block from row6cell10 to circlerow5cell14",999,5922,0
39232,30053,"white,white,white,white,white,white,white,white,white,white,white,white,white,white,white,white,white,white,white,white,white,white,white,white,white,white,white,white,white,white,white,white,white,white,white,white,white,white,white,white,white,white,white,white,white,white,white,white,white,white,white,white,white,white,red,white,white,white,red,white,white,white,white,white,white,white,blue,white,white,white,white,blue,green,green,green,blue,red,white,blue,white,white,white,green,white,red,white,blue,white,white,green,blue,red,green,blue,red,blue,red,red,white,blue,green,green,blue,red,red,white,green,green",4,"fill nocolor A2",999,4092,999,"move a block from row5cell14 to circlerow4cell02",4603,0
39232,30053,"white,white,white,white,white,white,white,white,white,white,white,white,white,white,white,white,white,white,white,white,white,white,white,white,white,white,white,white,white,white,white,white,white,white,white,white,white,white,white,white,white,white,white,white,white,white,white,white,white,white,white,white,white,white,red,white,white,white,red,white,white,white,white,white,white,white,blue,white,white,white,white,blue,green,green,green,blue,red,white,blue,white,white,white,green,white,red,white,blue,white,white,green,blue,red,green,blue,red,blue,red,red,white,blue,green,green,blue,red,red,white,green,green",4,"fill nocolor A2","move",3572,"move a block from row4cell13 to circlerow4cell03",999,4603,0
39232,30053,"white,white,white,white,white,white,white,white,white,white,white,white,white,white,white,white,white,white,white,white,white,white,white,white,white,white,white,white,white,white,white,white,white,white,white,white,white,white,white,white,white,white,white,white,white,white,white,white,white,white,white,white,white,white,red,white,white,white,red,white,white,white,white,white,white,white,blue,white,white,white,white,blue,green,green,green,blue,red,white,blue,white,white,white,green,white,red,white,blue,white,white,green,blue,red,green,blue,red,blue,red,red,white,blue,green,green,blue,red,red,white,green,green",4,"fill nocolor A2",999,3572,999,"move a block from row6cell07 to circlerow4cell04",7200,0
39232,30053,"white,white,white,white,white,white,white,white,white,white,white,white,white,white,white,white,white,white,white,white,white,white,white,white,white,white,white,white,white,white,white,white,white,white,white,white,white,white,white,white,white,white,white,white,white,white,white,white,white,white,white,white,white,white,red,white,white,white,red,white,white,white,white,white,white,white,blue,white,white,white,white,blue,green,green,green,blue,red,white,blue,white,white,white,green,white,red,white,blue,white,white,green,blue,red,green,blue,red,blue,red,red,white,blue,green,green,blue,red,red,white,green,green",4,"fill nocolor A2","move",8727,"move a block from row6cell08 to circlerow4cell06",999,7200,0
39232,30053,"white,white,white,white,white,white,white,white,white,white,white,white,white,white,white,white,white,white,white,white,white,white,white,white,white,white,white,white,white,white,white,white,white,white,white,white,white,white,white,white,white,white,white,white,white,white,white,white,white,white,white,white,white,white,red,white,white,white,red,white,white,white,white,white,white,white,blue,white,white,white,white,blue,green,green,green,blue,red,white,blue,white,white,white,green,white,red,white,blue,white,white,green,blue,red,green,blue,red,blue,red,red,white,blue,green,green,blue,red,red,white,green,green",4,"fill nocolor A2",999,8727,999,"move a block from row5cell11 to circlerow3cell01",4209,0
39232,30053,"white,white,white,white,white,white,white,white,white,white,white,white,white,white,white,white,white,white,white,white,white,white,white,white,white,white,white,white,white,white,white,white,white,white,white,white,white,white,white,white,white,white,white,white,white,white,white,white,white,white,white,white,white,white,red,white,white,white,red,white,white,white,white,white,white,white,blue,white,white,white,white,blue,green,green,green,blue,red,white,blue,white,white,white,green,white,red,white,blue,white,white,green,blue,red,green,blue,red,blue,red,red,white,blue,green,green,blue,red,red,white,green,green",4,"fill nocolor A2","move",4040,"move a block from row6cell11 to circlerow3cell03",999,4209,0
39232,30053,"white,white,white,white,white,white,white,white,white,white,white,white,white,white,white,white,white,white,white,white,white,white,white,white,white,white,white,white,white,white,white,white,white,white,white,white,white,white,white,white,white,white,white,white,white,white,white,white,white,white,white,white,white,white,red,white,white,white,red,white,white,white,white,white,white,white,blue,white,white,white,white,blue,green,green,green,blue,red,white,blue,white,white,white,green,white,red,white,blue,white,white,green,blue,red,green,blue,red,blue,red,red,white,blue,green,green,blue,red,red,white,green,green",4,"fill nocolor A2",999,4040,999,"move a block from row6cell12 to circlerow3cell02",9906,0
39232,30053,"white,white,white,white,white,white,white,white,white,white,white,white,white,white,white,white,white,white,white,white,white,white,white,white,white,white,white,white,white,white,white,white,white,white,white,white,white,white,white,white,white,white,white,white,white,white,white,white,white,white,white,white,white,white,red,white,white,white,red,white,white,white,white,white,white,white,blue,white,white,white,white,blue,green,green,green,blue,red,white,blue,white,white,white,green,white,red,white,blue,white,white,green,blue,red,green,blue,red,blue,red,red,white,blue,green,green,blue,red,red,white,green,green",4,"fill nocolor A2","move",5387,"move a block from row4cell18 to circlerow3cell06",999,9906,0
39232,30053,"white,white,white,white,white,white,white,white,white,white,white,white,white,white,white,white,white,white,white,white,white,white,white,white,white,white,white,white,white,white,white,white,white,white,white,white,white,white,white,white,white,white,white,white,white,white,white,white,white,white,white,white,white,white,red,white,white,white,red,white,white,white,white,white,white,white,blue,white,white,white,white,blue,green,green,green,blue,red,white,blue,white,white,white,green,white,red,white,blue,white,white,green,blue,red,green,blue,red,blue,red,red,white,blue,green,green,blue,red,red,white,green,green",4,"fill nocolor A2",999,5387,999,"move a block from row5cell13 to circlerow3cell04",3382,0
39232,30053,"white,white,white,white,white,white,white,white,white,white,white,white,white,white,white,white,white,white,white,white,white,white,white,white,white,white,white,white,white,white,white,white,white,white,white,white,white,white,white,white,white,white,white,white,white,white,white,white,white,white,white,white,white,white,red,white,white,white,red,white,white,white,white,white,white,white,blue,white,white,white,white,blue,green,green,green,blue,red,white,blue,white,white,white,green,white,red,white,blue,white,white,green,blue,red,green,blue,red,blue,red,red,white,blue,green,green,blue,red,red,white,green,green",4,"fill nocolor A2","move",3685,"move a block from row6cell14 to circlerow3cell05",999,3382,0
39232,30053,"white,white,white,white,white,white,white,white,white,white,white,white,white,white,white,white,white,white,white,white,white,white,white,white,white,white,white,white,white,white,white,white,white,white,white,white,white,white,white,white,white,white,white,white,white,white,white,white,white,white,white,white,white,white,red,white,white,white,red,white,white,white,white,white,white,white,blue,white,white,white,white,blue,green,green,green,blue,red,white,blue,white,white,white,green,white,red,white,blue,white,white,green,blue,red,green,blue,red,blue,red,red,white,blue,green,green,blue,red,red,white,green,green",4,"fill nocolor A2",999,3685,999,"move a block from row5cell15 to circlerow2cell01",2074,0
39232,30053,"white,white,white,white,white,white,white,white,white,white,white,white,white,white,white,white,white,white,white,white,white,white,white,white,white,white,white,white,white,white,white,white,white,white,white,white,white,white,white,white,white,white,white,white,white,white,white,white,white,white,white,white,white,white,red,white,white,white,red,white,white,white,white,white,white,white,blue,white,white,white,white,blue,green,green,green,blue,red,white,blue,white,white,white,green,white,red,white,blue,white,white,green,blue,red,green,blue,red,blue,red,red,white,blue,green,green,blue,red,red,white,green,green",4,"fill nocolor A2","move",7268,"move a block from row6cell13 to circlerow1cell01",999,2074,0
39232,30053,"white,white,white,white,white,white,white,white,white,white,white,white,white,white,white,white,white,white,white,white,white,white,white,white,white,white,white,white,white,white,white,white,white,white,white,white,white,white,white,white,white,white,white,white,white,white,white,white,white,white,white,white,white,white,red,white,white,white,red,white,white,white,white,white,white,white,blue,white,white,white,white,blue,green,green,green,blue,red,white,blue,white,white,white,green,white,red,white,blue,white,white,green,blue,red,green,blue,red,blue,red,red,white,blue,green,green,blue,red,red,white,green,green",4,"fill nocolor A2",999,7268,999,"move a block from row1cell01 to circlerow2cell06",2388,0
39232,30053,"white,white,white,white,white,white,white,white,white,white,white,white,white,white,white,white,white,white,white,white,white,white,white,white,white,white,white,white,white,white,white,white,white,white,white,white,white,white,white,white,white,white,white,white,white,white,white,white,white,white,white,white,white,white,red,white,white,white,red,white,white,white,white,white,white,white,blue,white,white,white,white,blue,green,green,green,blue,red,white,blue,white,white,white,green,white,red,white,blue,white,white,green,blue,red,green,blue,red,blue,red,red,white,blue,green,green,blue,red,red,white,green,green",4,"fill nocolor A2","move",5252,"move a block from row2cell01 to circlerow1cell06",999,2388,0
39232,30053,"white,white,white,white,white,white,white,white,white,white,white,white,white,white,white,white,white,white,white,white,white,white,white,white,white,white,white,white,white,white,white,white,white,white,white,white,white,white,white,white,white,white,white,white,white,white,white,white,white,white,white,white,white,white,red,white,white,white,red,white,white,white,white,white,white,white,blue,white,white,white,white,blue,green,green,green,blue,red,white,blue,white,white,white,green,white,red,white,blue,white,white,green,blue,red,green,blue,red,blue,red,red,white,blue,green,green,blue,red,red,white,green,green",4,"fill nocolor A2",999,5252,999,"move a block from row6cell15 to row2cell05",3984,0
39232,30053,"white,white,white,white,white,white,white,white,white,white,white,white,white,white,white,white,white,white,white,white,white,white,white,white,white,white,white,white,white,white,white,white,white,white,white,white,white,white,white,white,white,white,white,white,white,white,white,white,white,white,white,white,white,white,red,white,white,white,red,white,white,white,white,white,white,white,blue,white,white,white,white,blue,green,green,green,blue,red,white,blue,white,white,white,green,white,red,white,blue,white,white,green,blue,red,green,blue,red,blue,red,red,white,blue,green,green,blue,red,red,white,green,green",4,"fill nocolor A2","move",6786,"move a block from row5cell18 to circlerow2cell03",999,3984,0
39232,30053,"white,white,white,white,white,white,white,white,white,white,white,white,white,white,white,white,white,white,white,white,white,white,white,white,white,white,white,white,white,white,white,white,white,white,white,white,white,white,white,white,white,white,white,white,white,white,white,white,white,white,white,white,white,white,red,white,white,white,red,white,white,white,white,white,white,white,blue,white,white,white,white,blue,green,green,green,blue,red,white,blue,white,white,white,green,white,red,white,blue,white,white,green,blue,red,green,blue,red,blue,red,red,white,blue,green,green,blue,red,red,white,green,green",4,"fill nocolor A2",999,6786,999,"move a block from row2cell03 to circlerow2cell04",2419,0
39232,30053,"white,white,white,white,white,white,white,white,white,white,white,white,white,white,white,white,white,white,white,white,white,white,white,white,white,white,white,white,white,white,white,white,white,white,white,white,white,white,white,white,white,white,white,white,white,white,white,white,white,white,white,white,white,white,red,white,white,white,red,white,white,white,white,white,white,white,blue,white,white,white,white,blue,green,green,green,blue,red,white,blue,white,white,white,green,white,red,white,blue,white,white,green,blue,red,green,blue,red,blue,red,red,white,blue,green,green,blue,red,red,white,green,green",4,"fill nocolor A2","move",3045,"move a block from row6cell17 to circlerow2cell03",999,2419,0
39232,30053,"white,white,white,white,white,white,white,white,white,white,white,white,white,white,white,white,white,white,white,white,white,white,white,white,white,white,white,white,white,white,white,white,white,white,white,white,white,white,white,white,white,white,white,white,white,white,white,white,white,white,white,white,white,white,red,white,white,white,red,white,white,white,white,white,white,white,blue,white,white,white,white,blue,green,green,green,blue,red,white,blue,white,white,white,green,white,red,white,blue,white,white,green,blue,red,green,blue,red,blue,red,red,white,blue,green,green,blue,red,red,white,green,green",4,"fill nocolor A2",999,3045,999,"move a block from row6cell18 to circlerow1cell05",4297,0
39232,30053,"white,white,white,white,white,white,white,white,white,white,white,white,white,white,white,white,white,white,white,white,white,white,white,white,white,white,white,white,white,white,white,white,white,white,white,white,white,white,white,white,white,white,white,white,white,white,white,white,white,white,white,white,white,white,red,white,white,white,red,white,white,white,white,white,white,white,blue,white,white,white,white,blue,green,green,green,blue,red,white,blue,white,white,white,green,white,red,white,blue,white,white,green,blue,red,green,blue,red,blue,red,red,white,blue,green,green,blue,red,red,white,green,green",4,"fill nocolor A2","pass",7184,"pass",999,4297,0
39232,30053,"white,white,white,white,white,white,white,white,white,white,white,white,white,white,white,white,white,white,white,white,white,white,white,white,white,white,white,white,white,white,white,white,white,white,white,white,white,white,white,white,white,white,white,white,white,white,white,white,white,white,white,white,white,white,red,white,white,white,red,white,white,white,white,white,white,white,blue,white,white,white,white,blue,green,green,green,blue,red,white,blue,white,white,white,green,white,red,white,blue,white,white,green,blue,red,green,blue,red,blue,red,red,white,blue,green,green,blue,red,red,white,green,green",4,"fill nocolor A2",999,7184,999,"move a block from row2cell03 to circlerow1cell04",2883,0
39232,30053,"white,white,white,white,white,white,white,white,white,white,white,white,white,white,white,white,white,white,white,white,white,white,white,white,white,white,white,white,white,white,white,white,white,white,white,white,white,white,white,white,white,white,white,white,white,white,white,white,white,white,white,white,white,white,red,white,white,white,red,white,white,white,white,white,white,white,blue,white,white,white,white,blue,green,green,green,blue,red,white,blue,white,white,white,green,white,red,white,blue,white,white,green,blue,red,green,blue,red,blue,red,red,white,blue,green,green,blue,red,red,white,green,green",4,"fill nocolor A2","done",7184,"done",999,2883,0
39232,30053,"white,white,white,white,white,white,white,white,white,white,white,white,white,white,white,white,white,white,white,white,white,white,white,white,white,white,white,white,white,white,white,white,white,white,white,white,white,white,white,white,white,white,white,white,white,white,white,white,white,white,white,white,white,white,red,white,white,white,red,white,white,white,white,white,white,white,blue,white,white,white,white,blue,green,green,green,blue,red,white,blue,white,white,white,green,white,red,white,blue,white,white,green,blue,red,green,blue,red,blue,red,red,white,blue,green,green,blue,red,red,white,green,green",5,"uncover green all",999,7184,999,"move a block from row4cell01 to circlerow5cell06",3950,1
39232,30053,"white,white,white,white,white,white,white,white,white,white,white,white,white,white,white,white,white,white,white,white,white,white,white,white,white,white,white,white,white,white,white,white,white,white,white,white,white,white,white,white,white,white,white,white,white,white,white,white,white,white,white,white,white,white,red,white,white,white,red,white,white,white,white,white,white,white,blue,white,white,white,white,blue,green,green,green,blue,red,white,blue,white,white,white,green,white,red,white,blue,white,white,green,blue,red,green,blue,red,blue,red,red,white,blue,green,green,blue,red,red,white,green,green",5,"uncover green all","move",12169,"move a block from row6cell08 to circlerow4cell06",999,3950,0
39232,30053,"white,white,white,white,white,white,white,white,white,white,white,white,white,white,white,white,white,white,white,white,white,white,white,white,white,white,white,white,white,white,white,white,white,white,white,white,white,white,white,white,white,white,white,white,white,white,white,white,white,white,white,white,white,white,red,white,white,white,red,white,white,white,white,white,white,white,blue,white,white,white,white,blue,green,green,green,blue,red,white,blue,white,white,white,green,white,red,white,blue,white,white,green,blue,red,green,blue,red,blue,red,red,white,blue,green,green,blue,red,red,white,green,green",5,"uncover green all",999,12169,999,"move a block from row5cell03 to circlerow4cell04",1682,0
39232,30053,"white,white,white,white,white,white,white,white,white,white,white,white,white,white,white,white,white,white,white,white,white,white,white,white,white,white,white,white,white,white,white,white,white,white,white,white,white,white,white,white,white,white,white,white,white,white,white,white,white,white,white,white,white,white,red,white,white,white,red,white,white,white,white,white,white,white,blue,white,white,white,white,blue,green,green,green,blue,red,white,blue,white,white,white,green,white,red,white,blue,white,white,green,blue,red,green,blue,red,blue,red,red,white,blue,green,green,blue,red,red,white,green,green",5,"uncover green all","move",4007,"move a block from row6cell03 to circlerow3cell04",999,1682,0
39232,30053,"white,white,white,white,white,white,white,white,white,white,white,white,white,white,white,white,white,white,white,white,white,white,white,white,white,white,white,white,white,white,white,white,white,white,white,white,white,white,white,white,white,white,white,white,white,white,white,white,white,white,white,white,white,white,red,white,white,white,red,white,white,white,white,white,white,white,blue,white,white,white,white,blue,green,green,green,blue,red,white,blue,white,white,white,green,white,red,white,blue,white,white,green,blue,red,green,blue,red,blue,red,red,white,blue,green,green,blue,red,red,white,green,green",5,"uncover green all",999,4007,999,"move a block from row3cell04 to circlerow6cell03",1427,0
39232,30053,"white,white,white,white,white,white,white,white,white,white,white,white,white,white,white,white,white,white,white,white,white,white,white,white,white,white,white,white,white,white,white,white,white,white,white,white,white,white,white,white,white,white,white,white,white,white,white,white,white,white,white,white,white,white,red,white,white,white,red,white,white,white,white,white,white,white,blue,white,white,white,white,blue,green,green,green,blue,red,white,blue,white,white,white,green,white,red,white,blue,white,white,green,blue,red,green,blue,red,blue,red,red,white,blue,green,green,blue,red,red,white,green,green",5,"uncover green all","pass",8499,"pass",999,1427,0
39232,30053,"white,white,white,white,white,white,white,white,white,white,white,white,white,white,white,white,white,white,white,white,white,white,white,white,white,white,white,white,white,white,white,white,white,white,white,white,white,white,white,white,white,white,white,white,white,white,white,white,white,white,white,white,white,white,red,white,white,white,red,white,white,white,white,white,white,white,blue,white,white,white,white,blue,green,green,green,blue,red,white,blue,white,white,white,green,white,red,white,blue,white,white,green,blue,red,green,blue,red,blue,red,red,white,blue,green,green,blue,red,red,white,green,green",5,"uncover green all",999,8499,999,"move a block from row5cell11 to circlerow6cell09",8355,0
39232,30053,"white,white,white,white,white,white,white,white,white,white,white,white,white,white,white,white,white,white,white,white,white,white,white,white,white,white,white,white,white,white,white,white,white,white,white,white,white,white,white,white,white,white,white,white,white,white,white,white,white,white,white,white,white,white,red,white,white,white,red,white,white,white,white,white,white,white,blue,white,white,white,white,blue,green,green,green,blue,red,white,blue,white,white,white,green,white,red,white,blue,white,white,green,blue,red,green,blue,red,blue,red,red,white,blue,green,green,blue,red,red,white,green,green",5,"uncover green all","move",7302,"move a block from row4cell18 to circlerow6cell08",999,8355,0
39232,30053,"white,white,white,white,white,white,white,white,white,white,white,white,white,white,white,white,white,white,white,white,white,white,white,white,white,white,white,white,white,white,white,white,white,white,white,white,white,white,white,white,white,white,white,white,white,white,white,white,white,white,white,white,white,white,red,white,white,white,red,white,white,white,white,white,white,white,blue,white,white,white,white,blue,green,green,green,blue,red,white,blue,white,white,white,green,white,red,white,blue,white,white,green,blue,red,green,blue,red,blue,red,red,white,blue,green,green,blue,red,red,white,green,green",5,"uncover green all",999,7302,999,"move a block from row5cell18 to circlerow6cell16",3784,0
39232,30053,"white,white,white,white,white,white,white,white,white,white,white,white,white,white,white,white,white,white,white,white,white,white,white,white,white,white,white,white,white,white,white,white,white,white,white,white,white,white,white,white,white,white,white,white,white,white,white,white,white,white,white,white,white,white,red,white,white,white,red,white,white,white,white,white,white,white,blue,white,white,white,white,blue,green,green,green,blue,red,white,blue,white,white,white,green,white,red,white,blue,white,white,green,blue,red,green,blue,red,blue,red,red,white,blue,green,green,blue,red,red,white,green,green",5,"uncover green all","done",7302,"done",999,3784,0
39232,30053,"white,white,white,white,white,white,white,white,white,white,white,white,white,white,white,white,white,white,white,white,white,white,white,white,white,white,white,white,white,white,white,white,white,white,white,white,white,white,white,white,white,white,white,white,white,white,white,white,white,white,white,white,white,white,red,white,white,white,red,white,white,white,white,white,white,white,blue,white,white,white,white,blue,green,green,green,blue,red,white,blue,white,white,white,green,white,red,white,blue,white,white,green,blue,red,green,blue,red,blue,red,red,white,blue,green,green,blue,red,red,white,green,green",6,"cover red all",999,7302,999,"move a block from row5cell04 to circlerow3cell01",8235,1
39232,30053,"white,white,white,white,white,white,white,white,white,white,white,white,white,white,white,white,white,white,white,white,white,white,white,white,white,white,white,white,white,white,white,white,white,white,white,white,white,white,white,white,white,white,white,white,white,white,white,white,white,white,white,white,white,white,red,white,white,white,red,white,white,white,white,white,white,white,blue,white,white,white,white,blue,green,green,green,blue,red,white,blue,white,white,white,green,white,red,white,blue,white,white,green,blue,red,green,blue,red,blue,red,red,white,blue,green,green,blue,red,red,white,green,green",6,"cover red all","move",5804,"move a block from row4cell05 to circlerow4cell03",999,8235,0
39232,30053,"white,white,white,white,white,white,white,white,white,white,white,white,white,white,white,white,white,white,white,white,white,white,white,white,white,white,white,white,white,white,white,white,white,white,white,white,white,white,white,white,white,white,white,white,white,white,white,white,white,white,white,white,white,white,red,white,white,white,red,white,white,white,white,white,white,white,blue,white,white,white,white,blue,green,green,green,blue,red,white,blue,white,white,white,green,white,red,white,blue,white,white,green,blue,red,green,blue,red,blue,red,red,white,blue,green,green,blue,red,red,white,green,green",6,"cover red all",999,5804,999,"move a block from row6cell04 to circlerow3cell03",2264,0
39232,30053,"white,white,white,white,white,white,white,white,white,white,white,white,white,white,white,white,white,white,white,white,white,white,white,white,white,white,white,white,white,white,white,white,white,white,white,white,white,white,white,white,white,white,white,white,white,white,white,white,white,white,white,white,white,white,red,white,white,white,red,white,white,white,white,white,white,white,blue,white,white,white,white,blue,green,green,green,blue,red,white,blue,white,white,white,green,white,red,white,blue,white,white,green,blue,red,green,blue,red,blue,red,red,white,blue,green,green,blue,red,red,white,green,green",6,"cover red all","move",3408,"move a block from row5cell05 to circlerow4cell02",999,2264,0
39232,30053,"white,white,white,white,white,white,white,white,white,white,white,white,white,white,white,white,white,white,white,white,white,white,white,white,white,white,white,white,white,white,white,white,white,white,white,white,white,white,white,white,white,white,white,white,white,white,white,white,white,white,white,white,white,white,red,white,white,white,red,white,white,white,white,white,white,white,blue,white,white,white,white,blue,green,green,green,blue,red,white,blue,white,white,white,green,white,red,white,blue,white,white,green,blue,red,green,blue,red,blue,red,red,white,blue,green,green,blue,red,red,white,green,green",6,"cover red all",999,3408,999,"move a block from row4cell18 to circlerow5cell14",10272,0
39232,30053,"white,white,white,white,white,white,white,white,white,white,white,white,white,white,white,white,white,white,white,white,white,white,white,white,white,white,white,white,white,white,white,white,white,white,white,white,white,white,white,white,white,white,white,white,white,white,white,white,white,white,white,white,white,white,red,white,white,white,red,white,white,white,white,white,white,white,blue,white,white,white,white,blue,green,green,green,blue,red,white,blue,white,white,white,green,white,red,white,blue,white,white,green,blue,red,green,blue,red,blue,red,red,white,blue,green,green,blue,red,red,white,green,green",6,"cover red all","move",10561,"move a block from row4cell13 to circlerow6cell09",999,10272,0
39232,30053,"white,white,white,white,white,white,white,white,white,white,white,white,white,white,white,white,white,white,white,white,white,white,white,white,white,white,white,white,white,white,white,white,white,white,white,white,white,white,white,white,white,white,white,white,white,white,white,white,white,white,white,white,white,white,red,white,white,white,red,white,white,white,white,white,white,white,blue,white,white,white,white,blue,green,green,green,blue,red,white,blue,white,white,white,green,white,red,white,blue,white,white,green,blue,red,green,blue,red,blue,red,red,white,blue,green,green,blue,red,red,white,green,green",6,"cover red all",999,10561,999,"move a block from row6cell09 to circlerow4cell13",4117,0
39232,30053,"white,white,white,white,white,white,white,white,white,white,white,white,white,white,white,white,white,white,white,white,white,white,white,white,white,white,white,white,white,white,white,white,white,white,white,white,white,white,white,white,white,white,white,white,white,white,white,white,white,white,white,white,white,white,red,white,white,white,red,white,white,white,white,white,white,white,blue,white,white,white,white,blue,green,green,green,blue,red,white,blue,white,white,white,green,white,red,white,blue,white,white,green,blue,red,green,blue,red,blue,red,red,white,blue,green,green,blue,red,red,white,green,green",6,"cover red all","pass",7471,"pass",999,4117,0
39232,30053,"white,white,white,white,white,white,white,white,white,white,white,white,white,white,white,white,white,white,white,white,white,white,white,white,white,white,white,white,white,white,white,white,white,white,white,white,white,white,white,white,white,white,white,white,white,white,white,white,white,white,white,white,white,white,red,white,white,white,red,white,white,white,white,white,white,white,blue,white,white,white,white,blue,green,green,green,blue,red,white,blue,white,white,white,green,white,red,white,blue,white,white,green,blue,red,green,blue,red,blue,red,red,white,blue,green,green,blue,red,red,white,green,green",6,"cover red all",999,7471,999,"move a block from row5cell18 to circlerow5cell08",3472,0
39232,30053,"white,white,white,white,white,white,white,white,white,white,white,white,white,white,white,white,white,white,white,white,white,white,white,white,white,white,white,white,white,white,white,white,white,white,white,white,white,white,white,white,white,white,white,white,white,white,white,white,white,white,white,white,white,white,red,white,white,white,red,white,white,white,white,white,white,white,blue,white,white,white,white,blue,green,green,green,blue,red,white,blue,white,white,white,green,white,red,white,blue,white,white,green,blue,red,green,blue,red,blue,red,red,white,blue,green,green,blue,red,red,white,green,green",6,"cover red all","move",34201,"move a block from row6cell17 to circlerow6cell09",999,3472,0
39232,30053,"white,white,white,white,white,white,white,white,white,white,white,white,white,white,white,white,white,white,white,white,white,white,white,white,white,white,white,white,white,white,white,white,white,white,white,white,white,white,white,white,white,white,white,white,white,white,white,white,white,white,white,white,white,white,red,white,white,white,red,white,white,white,white,white,white,white,blue,white,white,white,white,blue,green,green,green,blue,red,white,blue,white,white,white,green,white,red,white,blue,white,white,green,blue,red,green,blue,red,blue,red,red,white,blue,green,green,blue,red,red,white,green,green",6,"cover red all",999,34201,999,"move a block from row6cell06 to circlerow3cell02",3020,0
39232,30053,"white,white,white,white,white,white,white,white,white,white,white,white,white,white,white,white,white,white,white,white,white,white,white,white,white,white,white,white,white,white,white,white,white,white,white,white,white,white,white,white,white,white,white,white,white,white,white,white,white,white,white,white,white,white,red,white,white,white,red,white,white,white,white,white,white,white,blue,white,white,white,white,blue,green,green,green,blue,red,white,blue,white,white,white,green,white,red,white,blue,white,white,green,blue,red,green,blue,red,blue,red,red,white,blue,green,green,blue,red,red,white,green,green",6,"cover red all","move",9806,"move a block from row6cell05 to row2cell02",999,3020,0
39232,30053,"white,white,white,white,white,white,white,white,white,white,white,white,white,white,white,white,white,white,white,white,white,white,white,white,white,white,white,white,white,white,white,white,white,white,white,white,white,white,white,white,white,white,white,white,white,white,white,white,white,white,white,white,white,white,red,white,white,white,red,white,white,white,white,white,white,white,blue,white,white,white,white,blue,green,green,green,blue,red,white,blue,white,white,white,green,white,red,white,blue,white,white,green,blue,red,green,blue,red,blue,red,red,white,blue,green,green,blue,red,red,white,green,green",6,"cover red all",999,9806,999,"move a block from row6cell18 to circlerow1cell02",6153,0
39232,30053,"white,white,white,white,white,white,white,white,white,white,white,white,white,white,white,white,white,white,white,white,white,white,white,white,white,white,white,white,white,white,white,white,white,white,white,white,white,white,white,white,white,white,white,white,white,white,white,white,white,white,white,white,white,white,red,white,white,white,red,white,white,white,white,white,white,white,blue,white,white,white,white,blue,green,green,green,blue,red,white,blue,white,white,white,green,white,red,white,blue,white,white,green,blue,red,green,blue,red,blue,red,red,white,blue,green,green,blue,red,red,white,green,green",6,"cover red all","done",9806,"done",999,6153,0
39232,30053,"white,white,white,white,white,white,white,white,white,white,white,white,white,white,white,white,white,white,white,white,white,white,white,white,white,white,white,white,white,white,white,white,white,white,white,white,white,white,white,white,white,white,white,white,white,white,white,white,white,white,white,white,white,white,red,white,white,white,red,white,white,white,white,white,white,white,blue,white,white,white,white,blue,green,green,green,blue,red,white,blue,white,white,white,green,white,red,white,blue,white,white,green,blue,red,green,blue,red,blue,red,red,white,blue,green,green,blue,red,red,white,green,green",7,"move green C",999,9806,999,"move a block from row5cell11 to circlerow6cell16",5656,1
39232,30053,"white,white,white,white,white,white,white,white,white,white,white,white,white,white,white,white,white,white,white,white,white,white,white,white,white,white,white,white,white,white,white,white,white,white,white,white,white,white,white,white,white,white,white,white,white,white,white,white,white,white,white,white,white,white,red,white,white,white,red,white,white,white,white,white,white,white,blue,white,white,white,white,blue,green,green,green,blue,red,white,blue,white,white,white,green,white,red,white,blue,white,white,green,blue,red,green,blue,red,blue,red,red,white,blue,green,green,blue,red,red,white,green,green",7,"move green C","pass",45545,"pass",999,5656,0
39232,30053,"white,white,white,white,white,white,white,white,white,white,white,white,white,white,white,white,white,white,white,white,white,white,white,white,white,white,white,white,white,white,white,white,white,white,white,white,white,white,white,white,white,white,white,white,white,white,white,white,white,white,white,white,white,white,red,white,white,white,red,white,white,white,white,white,white,white,blue,white,white,white,white,blue,green,green,green,blue,red,white,blue,white,white,white,green,white,red,white,blue,white,white,green,blue,red,green,blue,red,blue,red,red,white,blue,green,green,blue,red,red,white,green,green",7,"move green C",999,45545,999,"move a block from row5cell02 to row5cell14",3939,0
39232,30053,"white,white,white,white,white,white,white,white,white,white,white,white,white,white,white,white,white,white,white,white,white,white,white,white,white,white,white,white,white,white,white,white,white,white,white,white,white,white,white,white,white,white,white,white,white,white,white,white,white,white,white,white,white,white,red,white,white,white,red,white,white,white,white,white,white,white,blue,white,white,white,white,blue,green,green,green,blue,red,white,blue,white,white,white,green,white,red,white,blue,white,white,green,blue,red,green,blue,red,blue,red,red,white,blue,green,green,blue,red,red,white,green,green",7,"move green C","move",30089,"move a block from row5cell03 to circlerow5cell16",999,3939,0
39232,30053,"white,white,white,white,white,white,white,white,white,white,white,white,white,white,white,white,white,white,white,white,white,white,white,white,white,white,white,white,white,white,white,white,white,white,white,white,white,white,white,white,white,white,white,white,white,white,white,white,white,white,white,white,white,white,red,white,white,white,red,white,white,white,white,white,white,white,blue,white,white,white,white,blue,green,green,green,blue,red,white,blue,white,white,white,green,white,red,white,blue,white,white,green,blue,red,green,blue,red,blue,red,red,white,blue,green,green,blue,red,red,white,green,green",7,"move green C",999,30089,999,"move a block from row6cell03 to circlerow5cell17",2768,0
39232,30053,"white,white,white,white,white,white,white,white,white,white,white,white,white,white,white,white,white,white,white,white,white,white,white,white,white,white,white,white,white,white,white,white,white,white,white,white,white,white,white,white,white,white,white,white,white,white,white,white,white,white,white,white,white,white,red,white,white,white,red,white,white,white,white,white,white,white,blue,white,white,white,white,blue,green,green,green,blue,red,white,blue,white,white,white,green,white,red,white,blue,white,white,green,blue,red,green,blue,red,blue,red,red,white,blue,green,green,blue,red,red,white,green,green",7,"move green C","move",14506,"move a block from row6cell02 to circlerow4cell14",999,2768,0
39232,30053,"white,white,white,white,white,white,white,white,white,white,white,white,white,white,white,white,white,white,white,white,white,white,white,white,white,white,white,white,white,white,white,white,white,white,white,white,white,white,white,white,white,white,white,white,white,white,white,white,white,white,white,white,white,white,red,white,white,white,red,white,white,white,white,white,white,white,blue,white,white,white,white,blue,green,green,green,blue,red,white,blue,white,white,white,green,white,red,white,blue,white,white,green,blue,red,green,blue,red,blue,red,red,white,blue,green,green,blue,red,red,white,green,green",7,"move green C",999,14506,999,"move a block from row6cell11 to circlerow4cell15",3415,0
39232,30053,"white,white,white,white,white,white,white,white,white,white,white,white,white,white,white,white,white,white,white,white,white,white,white,white,white,white,white,white,white,white,white,white,white,white,white,white,white,white,white,white,white,white,white,white,white,white,white,white,white,white,white,white,white,white,red,white,white,white,red,white,white,white,white,white,white,white,blue,white,white,white,white,blue,green,green,green,blue,red,white,blue,white,white,white,green,white,red,white,blue,white,white,green,blue,red,green,blue,red,blue,red,red,white,blue,green,green,blue,red,red,white,green,green",7,"move green C","move",15624,"move a block from row6cell10 to circlerow4cell16",999,3415,0
39232,30053,"white,white,white,white,white,white,white,white,white,white,white,white,white,white,white,white,white,white,white,white,white,white,white,white,white,white,white,white,white,white,white,white,white,white,white,white,white,white,white,white,white,white,white,white,white,white,white,white,white,white,white,white,white,white,red,white,white,white,red,white,white,white,white,white,white,white,blue,white,white,white,white,blue,green,green,green,blue,red,white,blue,white,white,white,green,white,red,white,blue,white,white,green,blue,red,green,blue,red,blue,red,red,white,blue,green,green,blue,red,red,white,green,green",7,"move green C",999,15624,999,"move a block from row4cell01 to row6cell03",3482,0
39232,30053,"white,white,white,white,white,white,white,white,white,white,white,white,white,white,white,white,white,white,white,white,white,white,white,white,white,white,white,white,white,white,white,white,white,white,white,white,white,white,white,white,white,white,white,white,white,white,white,white,white,white,white,white,white,white,red,white,white,white,red,white,white,white,white,white,white,white,blue,white,white,white,white,blue,green,green,green,blue,red,white,blue,white,white,white,green,white,red,white,blue,white,white,green,blue,red,green,blue,red,blue,red,red,white,blue,green,green,blue,red,red,white,green,green",7,"move green C","move",3726,"move a block from row4cell05 to circlerow6cell09",999,3482,0
39232,30053,"white,white,white,white,white,white,white,white,white,white,white,white,white,white,white,white,white,white,white,white,white,white,white,white,white,white,white,white,white,white,white,white,white,white,white,white,white,white,white,white,white,white,white,white,white,white,white,white,white,white,white,white,white,white,red,white,white,white,red,white,white,white,white,white,white,white,blue,white,white,white,white,blue,green,green,green,blue,red,white,blue,white,white,white,green,white,red,white,blue,white,white,green,blue,red,green,blue,red,blue,red,red,white,blue,green,green,blue,red,red,white,green,green",7,"move green C",999,3726,999,"move a block from row5cell01 to circlerow4cell17",5227,0
39232,30053,"white,white,white,white,white,white,white,white,white,white,white,white,white,white,white,white,white,white,white,white,white,white,white,white,white,white,white,white,white,white,white,white,white,white,white,white,white,white,white,white,white,white,white,white,white,white,white,white,white,white,white,white,white,white,red,white,white,white,red,white,white,white,white,white,white,white,blue,white,white,white,white,blue,green,green,green,blue,red,white,blue,white,white,white,green,white,red,white,blue,white,white,green,blue,red,green,blue,red,blue,red,red,white,blue,green,green,blue,red,red,white,green,green",7,"move green C","move",25805,"move a block from row6cell01 to circlerow3cell17",999,5227,0
39232,30053,"white,white,white,white,white,white,white,white,white,white,white,white,white,white,white,white,white,white,white,white,white,white,white,white,white,white,white,white,white,white,white,white,white,white,white,white,white,white,white,white,white,white,white,white,white,white,white,white,white,white,white,white,white,white,red,white,white,white,red,white,white,white,white,white,white,white,blue,white,white,white,white,blue,green,green,green,blue,red,white,blue,white,white,white,green,white,red,white,blue,white,white,green,blue,red,green,blue,red,blue,red,red,white,blue,green,green,blue,red,red,white,green,green",7,"move green C",999,25805,999,"move a block from row6cell12 to circlerow2cell17",2761,0
39232,30053,"white,white,white,white,white,white,white,white,white,white,white,white,white,white,white,white,white,white,white,white,white,white,white,white,white,white,white,white,white,white,white,white,white,white,white,white,white,white,white,white,white,white,white,white,white,white,white,white,white,white,white,white,white,white,red,white,white,white,red,white,white,white,white,white,white,white,blue,white,white,white,white,blue,green,green,green,blue,red,white,blue,white,white,white,green,white,red,white,blue,white,white,green,blue,red,green,blue,red,blue,red,red,white,blue,green,green,blue,red,red,white,green,green",7,"move green C","done",25805,"done",999,2761,0
39232,30053,"white,white,white,white,white,white,white,white,white,white,white,white,white,white,white,white,white,white,white,white,white,white,white,white,white,white,white,white,white,white,white,white,white,white,white,white,white,white,white,white,white,white,white,white,white,white,white,white,white,white,white,white,white,white,red,white,white,white,red,white,white,white,white,white,white,white,blue,white,white,white,white,blue,green,green,green,blue,red,white,blue,white,white,white,green,white,red,white,blue,white,white,green,blue,red,green,blue,red,blue,red,red,white,blue,green,green,blue,red,red,white,green,green",8,"clear nocolor B1",999,25805,999,"move a block from row6cell08 to circlerow5cell12",7127,1
39232,30053,"white,white,white,white,white,white,white,white,white,white,white,white,white,white,white,white,white,white,white,white,white,white,white,white,white,white,white,white,white,white,white,white,white,white,white,white,white,white,white,white,white,white,white,white,white,white,white,white,white,white,white,white,white,white,red,white,white,white,red,white,white,white,white,white,white,white,blue,white,white,white,white,blue,green,green,green,blue,red,white,blue,white,white,white,green,white,red,white,blue,white,white,green,blue,red,green,blue,red,blue,red,red,white,blue,green,green,blue,red,red,white,green,green",8,"clear nocolor B1","pass",5012,"pass",999,7127,0
39232,30053,"white,white,white,white,white,white,white,white,white,white,white,white,white,white,white,white,white,white,white,white,white,white,white,white,white,white,white,white,white,white,white,white,white,white,white,white,white,white,white,white,white,white,white,white,white,white,white,white,white,white,white,white,white,white,red,white,white,white,red,white,white,white,white,white,white,white,blue,white,white,white,white,blue,green,green,green,blue,red,white,blue,white,white,white,green,white,red,white,blue,white,white,green,blue,red,green,blue,red,blue,red,red,white,blue,green,green,blue,red,red,white,green,green",8,"clear nocolor B1",999,5012,999,"move a block from row5cell07 to circlerow4cell12",3519,0
39232,30053,"white,white,white,white,white,white,white,white,white,white,white,white,white,white,white,white,white,white,white,white,white,white,white,white,white,white,white,white,white,white,white,white,white,white,white,white,white,white,white,white,white,white,white,white,white,white,white,white,white,white,white,white,white,white,red,white,white,white,red,white,white,white,white,white,white,white,blue,white,white,white,white,blue,green,green,green,blue,red,white,blue,white,white,white,green,white,red,white,blue,white,white,green,blue,red,green,blue,red,blue,red,red,white,blue,green,green,blue,red,red,white,green,green",8,"clear nocolor B1","move",7162,"move a block from row6cell07 to circlerow5cell14",999,3519,0
39232,30053,"white,white,white,white,white,white,white,white,white,white,white,white,white,white,white,white,white,white,white,white,white,white,white,white,white,white,white,white,white,white,white,white,white,white,white,white,white,white,white,white,white,white,white,white,white,white,white,white,white,white,white,white,white,white,red,white,white,white,red,white,white,white,white,white,white,white,blue,white,white,white,white,blue,green,green,green,blue,red,white,blue,white,white,white,green,white,red,white,blue,white,white,green,blue,red,green,blue,red,blue,red,red,white,blue,green,green,blue,red,red,white,green,green",9,"fill nocolor B2",999,7162,999,"move a block from row6cell08 to circlerow5cell10",6817,1
39232,30053,"white,white,white,white,white,white,white,white,white,white,white,white,white,white,white,white,white,white,white,white,white,white,white,white,white,white,white,white,white,white,white,white,white,white,white,white,white,white,white,white,white,white,white,white,white,white,white,white,white,white,white,white,white,white,red,white,white,white,red,white,white,white,white,white,white,white,blue,white,white,white,white,blue,green,green,green,blue,red,white,blue,white,white,white,green,white,red,white,blue,white,white,green,blue,red,green,blue,red,blue,red,red,white,blue,green,green,blue,red,red,white,green,green",9,"fill nocolor B2","move",3324,"move a block from row5cell07 to circlerow4cell10",999,6817,0
39232,30053,"white,white,white,white,white,white,white,white,white,white,white,white,white,white,white,white,white,white,white,white,white,white,white,white,white,white,white,white,white,white,white,white,white,white,white,white,white,white,white,white,white,white,white,white,white,white,white,white,white,white,white,white,white,white,red,white,white,white,red,white,white,white,white,white,white,white,blue,white,white,white,white,blue,green,green,green,blue,red,white,blue,white,white,white,green,white,red,white,blue,white,white,green,blue,red,green,blue,red,blue,red,red,white,blue,green,green,blue,red,red,white,green,green",9,"fill nocolor B2",999,3324,999,"move a block from row4cell18 to circlerow5cell12",2938,0
39232,30053,"white,white,white,white,white,white,white,white,white,white,white,white,white,white,white,white,white,white,white,white,white,white,white,white,white,white,white,white,white,white,white,white,white,white,white,white,white,white,white,white,white,white,white,white,white,white,white,white,white,white,white,white,white,white,red,white,white,white,red,white,white,white,white,white,white,white,blue,white,white,white,white,blue,green,green,green,blue,red,white,blue,white,white,white,green,white,red,white,blue,white,white,green,blue,red,green,blue,red,blue,red,red,white,blue,green,green,blue,red,red,white,green,green",9,"fill nocolor B2","move",6487,"move a block from row6cell06 to circlerow4cell12",999,2938,0
39232,30053,"white,white,white,white,white,white,white,white,white,white,white,white,white,white,white,white,white,white,white,white,white,white,white,white,white,white,white,white,white,white,white,white,white,white,white,white,white,white,white,white,white,white,white,white,white,white,white,white,white,white,white,white,white,white,red,white,white,white,red,white,white,white,white,white,white,white,blue,white,white,white,white,blue,green,green,green,blue,red,white,blue,white,white,white,green,white,red,white,blue,white,white,green,blue,red,green,blue,red,blue,red,red,white,blue,green,green,blue,red,red,white,green,green",9,"fill nocolor B2",999,6487,999,"move a block from row4cell01 to circlerow4cell11",3301,0
39232,30053,"white,white,white,white,white,white,white,white,white,white,white,white,white,white,white,white,white,white,white,white,white,white,white,white,white,white,white,white,white,white,white,white,white,white,white,white,white,white,white,white,white,white,white,white,white,white,white,white,white,white,white,white,white,white,red,white,white,white,red,white,white,white,white,white,white,white,blue,white,white,white,white,blue,green,green,green,blue,red,white,blue,white,white,white,green,white,red,white,blue,white,white,green,blue,red,green,blue,red,blue,red,red,white,blue,green,green,blue,red,red,white,green,green",9,"fill nocolor B2","move",3858,"move a block from row4cell05 to row3cell11",999,3301,0
39232,30053,"white,white,white,white,white,white,white,white,white,white,white,white,white,white,white,white,white,white,white,white,white,white,white,white,white,white,white,white,white,white,white,white,white,white,white,white,white,white,white,white,white,white,white,white,white,white,white,white,white,white,white,white,white,white,red,white,white,white,red,white,white,white,white,white,white,white,blue,white,white,white,white,blue,green,green,green,blue,red,white,blue,white,white,white,green,white,red,white,blue,white,white,green,blue,red,green,blue,red,blue,red,red,white,blue,green,green,blue,red,red,white,green,green",9,"fill nocolor B2",999,3858,999,"move a block from row5cell18 to circlerow3cell12",4368,0
39232,30053,"white,white,white,white,white,white,white,white,white,white,white,white,white,white,white,white,white,white,white,white,white,white,white,white,white,white,white,white,white,white,white,white,white,white,white,white,white,white,white,white,white,white,white,white,white,white,white,white,white,white,white,white,white,white,red,white,white,white,red,white,white,white,white,white,white,white,blue,white,white,white,white,blue,green,green,green,blue,red,white,blue,white,white,white,green,white,red,white,blue,white,white,green,blue,red,green,blue,red,blue,red,red,white,blue,green,green,blue,red,red,white,green,green",9,"fill nocolor B2","move",8105,"move a block from row6cell17 to circlerow2cell12",999,4368,0
39232,30053,"white,white,white,white,white,white,white,white,white,white,white,white,white,white,white,white,white,white,white,white,white,white,white,white,white,white,white,white,white,white,white,white,white,white,white,white,white,white,white,white,white,white,white,white,white,white,white,white,white,white,white,white,white,white,red,white,white,white,red,white,white,white,white,white,white,white,blue,white,white,white,white,blue,green,green,green,blue,red,white,blue,white,white,white,green,white,red,white,blue,white,white,green,blue,red,green,blue,red,blue,red,red,white,blue,green,green,blue,red,red,white,green,green",9,"fill nocolor B2",999,8105,999,"move a block from row6cell18 to circlerow3cell10",5614,0
39232,30053,"white,white,white,white,white,white,white,white,white,white,white,white,white,white,white,white,white,white,white,white,white,white,white,white,white,white,white,white,white,white,white,white,white,white,white,white,white,white,white,white,white,white,white,white,white,white,white,white,white,white,white,white,white,white,red,white,white,white,red,white,white,white,white,white,white,white,blue,white,white,white,white,blue,green,green,green,blue,red,white,blue,white,white,white,green,white,red,white,blue,white,white,green,blue,red,green,blue,red,blue,red,red,white,blue,green,green,blue,red,red,white,green,green",9,"fill nocolor B2","move",7469,"move a block from row6cell07 to circlerow2cell11",999,5614,0
39232,30053,"white,white,white,white,white,white,white,white,white,white,white,white,white,white,white,white,white,white,white,white,white,white,white,white,white,white,white,white,white,white,white,white,white,white,white,white,white,white,white,white,white,white,white,white,white,white,white,white,white,white,white,white,white,white,red,white,white,white,red,white,white,white,white,white,white,white,blue,white,white,white,white,blue,green,green,green,blue,red,white,blue,white,white,white,green,white,red,white,blue,white,white,green,blue,red,green,blue,red,blue,red,red,white,blue,green,green,blue,red,red,white,green,green",9,"fill nocolor B2",999,7469,999,"move a block from row5cell02 to circlerow2cell10",3889,0
39232,30053,"white,white,white,white,white,white,white,white,white,white,white,white,white,white,white,white,white,white,white,white,white,white,white,white,white,white,white,white,white,white,white,white,white,white,white,white,white,white,white,white,white,white,white,white,white,white,white,white,white,white,white,white,white,white,red,white,white,white,red,white,white,white,white,white,white,white,blue,white,white,white,white,blue,green,green,green,blue,red,white,blue,white,white,white,green,white,red,white,blue,white,white,green,blue,red,green,blue,red,blue,red,red,white,blue,green,green,blue,red,red,white,green,green",9,"fill nocolor B2","move",2848,"move a block from row5cell15 to circlerow1cell12",999,3889,0
39232,30053,"white,white,white,white,white,white,white,white,white,white,white,white,white,white,white,white,white,white,white,white,white,white,white,white,white,white,white,white,white,white,white,white,white,white,white,white,white,white,white,white,white,white,white,white,white,white,white,white,white,white,white,white,white,white,red,white,white,white,red,white,white,white,white,white,white,white,blue,white,white,white,white,blue,green,green,green,blue,red,white,blue,white,white,white,green,white,red,white,blue,white,white,green,blue,red,green,blue,red,blue,red,red,white,blue,green,green,blue,red,red,white,green,green",9,"fill nocolor B2",999,2848,999,"move a block from row5cell01 to circlerow1cell11",4078,0
39232,30053,"white,white,white,white,white,white,white,white,white,white,white,white,white,white,white,white,white,white,white,white,white,white,white,white,white,white,white,white,white,white,white,white,white,white,white,white,white,white,white,white,white,white,white,white,white,white,white,white,white,white,white,white,white,white,red,white,white,white,red,white,white,white,white,white,white,white,blue,white,white,white,white,blue,green,green,green,blue,red,white,blue,white,white,white,green,white,red,white,blue,white,white,green,blue,red,green,blue,red,blue,red,red,white,blue,green,green,blue,red,red,white,green,green",9,"fill nocolor B2","move",3454,"move a block from row6cell15 to circlerow1cell10",999,4078,0
39232,30053,"white,white,white,white,white,white,white,white,white,white,white,white,white,white,white,white,white,white,white,white,white,white,white,white,white,white,white,white,white,white,white,white,white,white,white,white,white,white,white,white,white,white,white,white,white,white,white,white,white,white,white,white,white,white,red,white,white,white,red,white,white,white,white,white,white,white,blue,white,white,white,white,blue,green,green,green,blue,red,white,blue,white,white,white,green,white,red,white,blue,white,white,green,blue,red,green,blue,red,blue,red,red,white,blue,green,green,blue,red,red,white,green,green",10,"cover green all",999,3454,999,"move a block from row5cell07 to circlerow4cell02",4357,1
39232,30053,"white,white,white,white,white,white,white,white,white,white,white,white,white,white,white,white,white,white,white,white,white,white,white,white,white,white,white,white,white,white,white,white,white,white,white,white,white,white,white,white,white,white,white,white,white,white,white,white,white,white,white,white,white,white,red,white,white,white,red,white,white,white,white,white,white,white,blue,white,white,white,white,blue,green,green,green,blue,red,white,blue,white,white,white,green,white,red,white,blue,white,white,green,blue,red,green,blue,red,blue,red,red,white,blue,green,green,blue,red,red,white,green,green",10,"cover green all","pass",110307,"pass",999,4357,0
39232,30053,"white,white,white,white,white,white,white,white,white,white,white,white,white,white,white,white,white,white,white,white,white,white,white,white,white,white,white,white,white,white,white,white,white,white,white,white,white,white,white,white,white,white,white,white,white,white,white,white,white,white,white,white,white,white,red,white,white,white,red,white,white,white,white,white,white,white,blue,white,white,white,white,blue,green,green,green,blue,red,white,blue,white,white,white,green,white,red,white,blue,white,white,green,blue,red,green,blue,red,blue,red,red,white,blue,green,green,blue,red,red,white,green,green",10,"cover green all",999,110307,999,"move a block from row6cell10 to circlerow4cell11",7381,0
39232,30053,"white,white,white,white,white,white,white,white,white,white,white,white,white,white,white,white,white,white,white,white,white,white,white,white,white,white,white,white,white,white,white,white,white,white,white,white,white,white,white,white,white,white,white,white,white,white,white,white,white,white,white,white,white,white,red,white,white,white,red,white,white,white,white,white,white,white,blue,white,white,white,white,blue,green,green,green,blue,red,white,blue,white,white,white,green,white,red,white,blue,white,white,green,blue,red,green,blue,red,blue,red,red,white,blue,green,green,blue,red,red,white,green,green",10,"cover green all","move",3059,"move a block from row6cell12 to circlerow3cell11",999,7381,0
39232,30053,"white,white,white,white,white,white,white,white,white,white,white,white,white,white,white,white,white,white,white,white,white,white,white,white,white,white,white,white,white,white,white,white,white,white,white,white,white,white,white,white,white,white,white,white,white,white,white,white,white,white,white,white,white,white,red,white,white,white,red,white,white,white,white,white,white,white,blue,white,white,white,white,blue,green,green,green,blue,red,white,blue,white,white,white,green,white,red,white,blue,white,white,green,blue,red,green,blue,red,blue,red,red,white,blue,green,green,blue,red,red,white,green,green",10,"cover green all",999,3059,999,"move a block from row5cell15 to circlerow5cell17",9532,0
39232,30053,"white,white,white,white,white,white,white,white,white,white,white,white,white,white,white,white,white,white,white,white,white,white,white,white,white,white,white,white,white,white,white,white,white,white,white,white,white,white,white,white,white,white,white,white,white,white,white,white,white,white,white,white,white,white,red,white,white,white,red,white,white,white,white,white,white,white,blue,white,white,white,white,blue,green,green,green,blue,red,white,blue,white,white,white,green,white,red,white,blue,white,white,green,blue,red,green,blue,red,blue,red,red,white,blue,green,green,blue,red,red,white,green,green",10,"cover green all","move",4849,"move a block from row6cell15 to circlerow6cell16",999,9532,0
39232,30053,"white,white,white,white,white,white,white,white,white,white,white,white,white,white,white,white,white,white,white,white,white,white,white,white,white,white,white,white,white,white,white,white,white,white,white,white,white,white,white,white,white,white,white,white,white,white,white,white,white,white,white,white,white,white,red,white,white,white,red,white,white,white,white,white,white,white,blue,white,white,white,white,blue,green,green,green,blue,red,white,blue,white,white,white,green,white,red,white,blue,white,white,green,blue,red,green,blue,red,blue,red,red,white,blue,green,green,blue,red,red,white,green,green",10,"cover green all",999,4849,999,"move a block from row6cell07 to circlerow2cell11",4479,0
39232,30053,"white,white,white,white,white,white,white,white,white,white,white,white,white,white,white,white,white,white,white,white,white,white,white,white,white,white,white,white,white,white,white,white,white,white,white,white,white,white,white,white,white,white,white,white,white,white,white,white,white,white,white,white,white,white,red,white,white,white,red,white,white,white,white,white,white,white,blue,white,white,white,white,blue,green,green,green,blue,red,white,blue,white,white,white,green,white,red,white,blue,white,white,green,blue,red,green,blue,red,blue,red,red,white,blue,green,green,blue,red,red,white,green,green",10,"cover green all","move",4764,"move a block from row6cell08 to circlerow1cell11",999,4479,0
39232,30053,"white,white,white,white,white,white,white,white,white,white,white,white,white,white,white,white,white,white,white,white,white,white,white,white,white,white,white,white,white,white,white,white,white,white,white,white,white,white,white,white,white,white,white,white,white,white,white,white,white,white,white,white,white,white,red,white,white,white,red,white,white,white,white,white,white,white,blue,white,white,white,white,blue,green,green,green,blue,red,white,blue,white,white,white,green,white,red,white,blue,white,white,green,blue,red,green,blue,red,blue,red,red,white,blue,green,green,blue,red,red,white,green,green",10,"cover green all",999,4764,999,"move a block from row6cell06 to circlerow4cell03",4296,0
39232,30053,"white,white,white,white,white,white,white,white,white,white,white,white,white,white,white,white,white,white,white,white,white,white,white,white,white,white,white,white,white,white,white,white,white,white,white,white,white,white,white,white,white,white,white,white,white,white,white,white,white,white,white,white,white,white,red,white,white,white,red,white,white,white,white,white,white,white,blue,white,white,white,white,blue,green,green,green,blue,red,white,blue,white,white,white,green,white,red,white,blue,white,white,green,blue,red,green,blue,red,blue,red,red,white,blue,green,green,blue,red,red,white,green,green",10,"cover green all","done",4764,"done",999,4296,0
39232,30053,"white,white,white,white,white,white,white,white,white,white,white,white,white,white,white,white,white,white,white,white,white,white,white,white,white,white,white,white,white,white,white,white,white,white,white,white,white,white,white,white,white,white,white,white,white,white,white,white,white,white,white,white,white,white,red,white,white,white,red,white,white,white,white,white,white,white,blue,white,white,white,white,blue,green,green,green,blue,red,white,blue,white,white,white,green,white,red,white,blue,white,white,green,blue,red,green,blue,red,blue,red,red,white,blue,green,green,blue,red,red,white,green,green",11,"cover green all",999,4764,999,"done",4296,1
39232,30053,"white,white,white,white,white,white,white,white,white,white,white,white,white,white,white,white,white,white,white,white,white,white,white,white,white,white,white,white,white,white,white,white,white,white,white,white,white,white,white,white,white,white,white,white,white,white,white,white,white,white,white,white,white,white,red,white,white,white,red,white,white,white,white,white,white,white,blue,white,white,white,white,blue,green,green,green,blue,red,white,blue,white,white,white,green,white,red,white,blue,white,white,green,blue,red,green,blue,red,blue,red,red,white,blue,green,green,blue,red,red,white,green,green",11,"cover green all","done",4764,"done",999,4296,1
