gameId,gameStart,gameComplete,importId,roundNum,playerId,playerRole,goal,moveTimestamp,move,dimensions,config
"a55d0d64-4315-47b3-8cfa-4027929e10c4",1694207315368,"","",0,"42341","ARCHITECT","fill nocolor C1",1694207331697,"(81,32)","6, 18","[WHITE,WHITE,WHITE,WHITE,WHITE,WHITE,WHITE,WHITE,WHITE,WHITE,WHITE,WHITE,RED,GREEN,GREEN,WHITE,WHITE,WHITEWHITE,WHITE,WHITE,WHITE,WHITE,WHITE,WHITE,WHITE,WHITE,WHITE,WHITE,WHITE,GREEN,GREEN,BLUE,WHITE,WHITE,WHITEWHITE,WHITE,WHITE,WHITE,WHITE,WHITE,WHITE,WHITE,WHITE,WHITE,WHITE,WHITE,RED,RED,GREEN,WHITE,WHITE,WHITEWHITE,WHITE,WHITE,WHITE,WHITE,WHITE,WHITE,WHITE,WHITE,WHITE,WHITE,WHITE,GREEN,GREEN,GREEN,WHITE,WHITE,WHITEBLUE,BLUE,GREEN,GREEN,RED,BLUE,BLUE,RED,WHITE,WHITE,WHITE,BLUE,RED,RED,GREEN,GREEN,RED,WHITERED,RED,GREEN,GREEN,RED,BLUE,RED,RED,WHITE,WHITE,WHITE,BLUE,BLUE,BLUE,GREEN,GREEN,RED,BLUE]"
"a55d0d64-4315-47b3-8cfa-4027929e10c4",1694207315368,"","",0,"42341","ARCHITECT","fill nocolor C1",1694207334397,"(100,12)","6, 18","[WHITE,WHITE,WHITE,WHITE,WHITE,WHITE,WHITE,WHITE,WHITE,WHITE,WHITE,WHITE,RED,GREEN,GREEN,WHITE,WHITE,WHITEWHITE,WHITE,WHITE,WHITE,WHITE,WHITE,WHITE,WHITE,WHITE,WHITE,WHITE,WHITE,GREEN,GREEN,BLUE,WHITE,WHITE,WHITEWHITE,WHITE,WHITE,WHITE,WHITE,WHITE,WHITE,WHITE,WHITE,WHITE,WHITE,WHITE,RED,RED,GREEN,WHITE,WHITE,WHITEWHITE,WHITE,WHITE,WHITE,WHITE,WHITE,WHITE,WHITE,WHITE,WHITE,WHITE,WHITE,GREEN,GREEN,GREEN,WHITE,WHITE,WHITEBLUE,BLUE,GREEN,GREEN,RED,BLUE,BLUE,RED,WHITE,WHITE,WHITE,BLUE,RED,RED,GREEN,GREEN,RED,WHITERED,RED,GREEN,GREEN,RED,BLUE,RED,RED,WHITE,WHITE,WHITE,BLUE,BLUE,BLUE,GREEN,GREEN,RED,BLUE]"
"a55d0d64-4315-47b3-8cfa-4027929e10c4",1694207315368,"","",0,"42341","ARCHITECT","fill nocolor C1",1694207335792,"(99,13)","6, 18","[WHITE,WHITE,WHITE,WHITE,WHITE,WHITE,WHITE,WHITE,WHITE,WHITE,WHITE,WHITE,RED,GREEN,GREEN,WHITE,WHITE,WHITEWHITE,WHITE,WHITE,WHITE,WHITE,WHITE,WHITE,WHITE,WHITE,WHITE,WHITE,WHITE,GREEN,GREEN,BLUE,WHITE,WHITE,WHITEWHITE,WHITE,WHITE,WHITE,WHITE,WHITE,WHITE,WHITE,WHITE,WHITE,WHITE,WHITE,RED,RED,GREEN,WHITE,WHITE,WHITEWHITE,WHITE,WHITE,WHITE,WHITE,WHITE,WHITE,WHITE,WHITE,WHITE,WHITE,WHITE,GREEN,GREEN,GREEN,WHITE,WHITE,WHITEBLUE,BLUE,GREEN,GREEN,RED,BLUE,BLUE,RED,WHITE,WHITE,WHITE,BLUE,RED,RED,GREEN,GREEN,RED,WHITERED,RED,GREEN,GREEN,RED,BLUE,RED,RED,WHITE,WHITE,WHITE,BLUE,BLUE,BLUE,GREEN,GREEN,RED,BLUE]"
"a55d0d64-4315-47b3-8cfa-4027929e10c4",1694207315368,"","",0,"42341","ARCHITECT","fill nocolor C1",1694207337221,"(98,14)","6, 18","[WHITE,WHITE,WHITE,WHITE,WHITE,WHITE,WHITE,WHITE,WHITE,WHITE,WHITE,WHITE,RED,GREEN,GREEN,WHITE,WHITE,WHITEWHITE,WHITE,WHITE,WHITE,WHITE,WHITE,WHITE,WHITE,WHITE,WHITE,WHITE,WHITE,GREEN,GREEN,BLUE,WHITE,WHITE,WHITEWHITE,WHITE,WHITE,WHITE,WHITE,WHITE,WHITE,WHITE,WHITE,WHITE,WHITE,WHITE,RED,RED,GREEN,WHITE,WHITE,WHITEWHITE,WHITE,WHITE,WHITE,WHITE,WHITE,WHITE,WHITE,WHITE,WHITE,WHITE,WHITE,GREEN,GREEN,GREEN,WHITE,WHITE,WHITEBLUE,BLUE,GREEN,GREEN,RED,BLUE,BLUE,RED,WHITE,WHITE,WHITE,BLUE,RED,RED,GREEN,GREEN,RED,WHITERED,RED,GREEN,GREEN,RED,BLUE,RED,RED,WHITE,WHITE,WHITE,BLUE,BLUE,BLUE,GREEN,GREEN,RED,BLUE]"
"a55d0d64-4315-47b3-8cfa-4027929e10c4",1694207315368,"","98763",1,"42341","ARCHITECT","cover red all",1694207347243,"(95,78)","6, 18","[WHITE,WHITE,WHITE,WHITE,WHITE,WHITE,WHITE,WHITE,WHITE,WHITE,WHITE,WHITE,WHITE,WHITE,WHITE,WHITE,WHITE,WHITEWHITE,WHITE,WHITE,WHITE,WHITE,WHITE,WHITE,WHITE,WHITE,WHITE,WHITE,WHITE,WHITE,WHITE,WHITE,WHITE,WHITE,WHITEWHITE,WHITE,WHITE,WHITE,WHITE,WHITE,WHITE,WHITE,WHITE,WHITE,WHITE,WHITE,WHITE,WHITE,WHITE,WHITE,WHITE,WHITEBLUE,WHITE,WHITE,WHITE,WHITE,WHITE,WHITE,GREEN,BLUE,WHITE,BLUE,WHITE,WHITE,WHITE,WHITE,WHITE,GREEN,GREENBLUE,GREEN,WHITE,WHITE,WHITE,WHITE,GREEN,RED,RED,BLUE,RED,GREEN,WHITE,BLUE,WHITE,WHITE,RED,REDRED,BLUE,BLUE,WHITE,WHITE,WHITE,RED,GREEN,GREEN,RED,BLUE,RED,WHITE,RED,GREEN,WHITE,GREEN,BLUE]"
"a55d0d64-4315-47b3-8cfa-4027929e10c4",1694207315368,"","98763",1,"42341","ARCHITECT","cover red all",1694207350190,"(84,62)","6, 18","[WHITE,WHITE,WHITE,WHITE,WHITE,WHITE,WHITE,WHITE,WHITE,WHITE,WHITE,WHITE,WHITE,WHITE,WHITE,WHITE,WHITE,WHITEWHITE,WHITE,WHITE,WHITE,WHITE,WHITE,WHITE,WHITE,WHITE,WHITE,WHITE,WHITE,WHITE,WHITE,WHITE,WHITE,WHITE,WHITEWHITE,WHITE,WHITE,WHITE,WHITE,WHITE,WHITE,WHITE,WHITE,WHITE,WHITE,WHITE,WHITE,WHITE,WHITE,WHITE,WHITE,WHITEBLUE,WHITE,WHITE,WHITE,WHITE,WHITE,WHITE,GREEN,BLUE,WHITE,BLUE,WHITE,WHITE,WHITE,WHITE,WHITE,GREEN,GREENBLUE,GREEN,WHITE,WHITE,WHITE,WHITE,GREEN,RED,RED,BLUE,RED,GREEN,WHITE,BLUE,WHITE,WHITE,RED,REDRED,BLUE,BLUE,WHITE,WHITE,WHITE,RED,GREEN,GREEN,RED,BLUE,RED,WHITE,RED,GREEN,WHITE,GREEN,BLUE]"
"a55d0d64-4315-47b3-8cfa-4027929e10c4",1694207315368,"","98763",1,"42341","ARCHITECT","cover red all",1694207353391,"(102,61)","6, 18","[WHITE,WHITE,WHITE,WHITE,WHITE,WHITE,WHITE,WHITE,WHITE,WHITE,WHITE,WHITE,WHITE,WHITE,WHITE,WHITE,WHITE,WHITEWHITE,WHITE,WHITE,WHITE,WHITE,WHITE,WHITE,WHITE,WHITE,WHITE,WHITE,WHITE,WHITE,WHITE,WHITE,WHITE,WHITE,WHITEWHITE,WHITE,WHITE,WHITE,WHITE,WHITE,WHITE,WHITE,WHITE,WHITE,WHITE,WHITE,WHITE,WHITE,WHITE,WHITE,WHITE,WHITEBLUE,WHITE,WHITE,WHITE,WHITE,WHITE,WHITE,GREEN,BLUE,WHITE,BLUE,WHITE,WHITE,WHITE,WHITE,WHITE,GREEN,GREENBLUE,GREEN,WHITE,WHITE,WHITE,WHITE,GREEN,RED,RED,BLUE,RED,GREEN,WHITE,BLUE,WHITE,WHITE,RED,REDRED,BLUE,BLUE,WHITE,WHITE,WHITE,RED,GREEN,GREEN,RED,BLUE,RED,WHITE,RED,GREEN,WHITE,GREEN,BLUE]"
"a55d0d64-4315-47b3-8cfa-4027929e10c4",1694207315368,"","98763",1,"42341","ARCHITECT","cover red all",1694207355071,"(57,83)","6, 18","[WHITE,WHITE,WHITE,WHITE,WHITE,WHITE,WHITE,WHITE,WHITE,WHITE,WHITE,WHITE,WHITE,WHITE,WHITE,WHITE,WHITE,WHITEWHITE,WHITE,WHITE,WHITE,WHITE,WHITE,WHITE,WHITE,WHITE,WHITE,WHITE,WHITE,WHITE,WHITE,WHITE,WHITE,WHITE,WHITEWHITE,WHITE,WHITE,WHITE,WHITE,WHITE,WHITE,WHITE,WHITE,WHITE,WHITE,WHITE,WHITE,WHITE,WHITE,WHITE,WHITE,WHITEBLUE,WHITE,WHITE,WHITE,WHITE,WHITE,WHITE,GREEN,BLUE,WHITE,BLUE,WHITE,WHITE,WHITE,WHITE,WHITE,GREEN,GREENBLUE,GREEN,WHITE,WHITE,WHITE,WHITE,GREEN,RED,RED,BLUE,RED,GREEN,WHITE,BLUE,WHITE,WHITE,RED,REDRED,BLUE,BLUE,WHITE,WHITE,WHITE,RED,GREEN,GREEN,RED,BLUE,RED,WHITE,RED,GREEN,WHITE,GREEN,BLUE]"
"a55d0d64-4315-47b3-8cfa-4027929e10c4",1694207315368,"","98763",1,"42341","ARCHITECT","cover red all",1694207356564,"(75,64)","6, 18","[WHITE,WHITE,WHITE,WHITE,WHITE,WHITE,WHITE,WHITE,WHITE,WHITE,WHITE,WHITE,WHITE,WHITE,WHITE,WHITE,WHITE,WHITEWHITE,WHITE,WHITE,WHITE,WHITE,WHITE,WHITE,WHITE,WHITE,WHITE,WHITE,WHITE,WHITE,WHITE,WHITE,WHITE,WHITE,WHITEWHITE,WHITE,WHITE,WHITE,WHITE,WHITE,WHITE,WHITE,WHITE,WHITE,WHITE,WHITE,WHITE,WHITE,WHITE,WHITE,WHITE,WHITEBLUE,WHITE,WHITE,WHITE,WHITE,WHITE,WHITE,GREEN,BLUE,WHITE,BLUE,WHITE,WHITE,WHITE,WHITE,WHITE,GREEN,GREENBLUE,GREEN,WHITE,WHITE,WHITE,WHITE,GREEN,RED,RED,BLUE,RED,GREEN,WHITE,BLUE,WHITE,WHITE,RED,REDRED,BLUE,BLUE,WHITE,WHITE,WHITE,RED,GREEN,GREEN,RED,BLUE,RED,WHITE,RED,GREEN,WHITE,GREEN,BLUE]"
"a55d0d64-4315-47b3-8cfa-4027929e10c4",1694207315368,"","98763",1,"42341","ARCHITECT","cover red all",1694207358305,"(93,70)","6, 18","[WHITE,WHITE,WHITE,WHITE,WHITE,WHITE,WHITE,WHITE,WHITE,WHITE,WHITE,WHITE,WHITE,WHITE,WHITE,WHITE,WHITE,WHITEWHITE,WHITE,WHITE,WHITE,WHITE,WHITE,WHITE,WHITE,WHITE,WHITE,WHITE,WHITE,WHITE,WHITE,WHITE,WHITE,WHITE,WHITEWHITE,WHITE,WHITE,WHITE,WHITE,WHITE,WHITE,WHITE,WHITE,WHITE,WHITE,WHITE,WHITE,WHITE,WHITE,WHITE,WHITE,WHITEBLUE,WHITE,WHITE,WHITE,WHITE,WHITE,WHITE,GREEN,BLUE,WHITE,BLUE,WHITE,WHITE,WHITE,WHITE,WHITE,GREEN,GREENBLUE,GREEN,WHITE,WHITE,WHITE,WHITE,GREEN,RED,RED,BLUE,RED,GREEN,WHITE,BLUE,WHITE,WHITE,RED,REDRED,BLUE,BLUE,WHITE,WHITE,WHITE,RED,GREEN,GREEN,RED,BLUE,RED,WHITE,RED,GREEN,WHITE,GREEN,BLUE]"
"a55d0d64-4315-47b3-8cfa-4027929e10c4",1694207315368,"","98763",1,"42341","ARCHITECT","cover red all",1694207360015,"(105,71)","6, 18","[WHITE,WHITE,WHITE,WHITE,WHITE,WHITE,WHITE,WHITE,WHITE,WHITE,WHITE,WHITE,WHITE,WHITE,WHITE,WHITE,WHITE,WHITEWHITE,WHITE,WHITE,WHITE,WHITE,WHITE,WHITE,WHITE,WHITE,WHITE,WHITE,WHITE,WHITE,WHITE,WHITE,WHITE,WHITE,WHITEWHITE,WHITE,WHITE,WHITE,WHITE,WHITE,WHITE,WHITE,WHITE,WHITE,WHITE,WHITE,WHITE,WHITE,WHITE,WHITE,WHITE,WHITEBLUE,WHITE,WHITE,WHITE,WHITE,WHITE,WHITE,GREEN,BLUE,WHITE,BLUE,WHITE,WHITE,WHITE,WHITE,WHITE,GREEN,GREENBLUE,GREEN,WHITE,WHITE,WHITE,WHITE,GREEN,RED,RED,BLUE,RED,GREEN,WHITE,BLUE,WHITE,WHITE,RED,REDRED,BLUE,BLUE,WHITE,WHITE,WHITE,RED,GREEN,GREEN,RED,BLUE,RED,WHITE,RED,GREEN,WHITE,GREEN,BLUE]"
"a55d0d64-4315-47b3-8cfa-4027929e10c4",1694207315368,"","98763",2,"42341","ARCHITECT","clear nocolor A2",1694207366690,"(57,74)","6, 18","[WHITE,WHITE,WHITE,WHITE,WHITE,WHITE,WHITE,WHITE,WHITE,WHITE,WHITE,WHITE,WHITE,WHITE,WHITE,WHITE,WHITE,WHITEWHITE,WHITE,WHITE,WHITE,WHITE,WHITE,WHITE,WHITE,WHITE,WHITE,WHITE,WHITE,WHITE,WHITE,WHITE,WHITE,WHITE,WHITEWHITE,WHITE,GREEN,WHITE,WHITE,WHITE,WHITE,WHITE,WHITE,WHITE,WHITE,WHITE,WHITE,WHITE,WHITE,WHITE,WHITE,WHITEBLUE,GREEN,BLUE,WHITE,WHITE,WHITE,WHITE,WHITE,WHITE,WHITE,WHITE,WHITE,WHITE,WHITE,WHITE,WHITE,WHITE,WHITEBLUE,GREEN,GREEN,WHITE,WHITE,WHITE,WHITE,RED,RED,BLUE,RED,WHITE,BLUE,BLUE,WHITE,WHITE,RED,REDRED,BLUE,BLUE,WHITE,WHITE,WHITE,RED,GREEN,GREEN,RED,BLUE,RED,GREEN,RED,GREEN,GREEN,GREEN,BLUE]"
"a55d0d64-4315-47b3-8cfa-4027929e10c4",1694207315368,"","98763",2,"42341","ARCHITECT","clear nocolor A2",1694207367800,"(75,56)","6, 18","[WHITE,WHITE,WHITE,WHITE,WHITE,WHITE,WHITE,WHITE,WHITE,WHITE,WHITE,WHITE,WHITE,WHITE,WHITE,WHITE,WHITE,WHITEWHITE,WHITE,WHITE,WHITE,WHITE,WHITE,WHITE,WHITE,WHITE,WHITE,WHITE,WHITE,WHITE,WHITE,WHITE,WHITE,WHITE,WHITEWHITE,WHITE,GREEN,WHITE,WHITE,WHITE,WHITE,WHITE,WHITE,WHITE,WHITE,WHITE,WHITE,WHITE,WHITE,WHITE,WHITE,WHITEBLUE,GREEN,BLUE,WHITE,WHITE,WHITE,WHITE,WHITE,WHITE,WHITE,WHITE,WHITE,WHITE,WHITE,WHITE,WHITE,WHITE,WHITEBLUE,GREEN,GREEN,WHITE,WHITE,WHITE,WHITE,RED,RED,BLUE,RED,WHITE,BLUE,BLUE,WHITE,WHITE,RED,REDRED,BLUE,BLUE,WHITE,WHITE,WHITE,RED,GREEN,GREEN,RED,BLUE,RED,GREEN,RED,GREEN,GREEN,GREEN,BLUE]"
"a55d0d64-4315-47b3-8cfa-4027929e10c4",1694207315368,"","98763",2,"42341","ARCHITECT","clear nocolor A2",1694207368887,"(93,55)","6, 18","[WHITE,WHITE,WHITE,WHITE,WHITE,WHITE,WHITE,WHITE,WHITE,WHITE,WHITE,WHITE,WHITE,WHITE,WHITE,WHITE,WHITE,WHITEWHITE,WHITE,WHITE,WHITE,WHITE,WHITE,WHITE,WHITE,WHITE,WHITE,WHITE,WHITE,WHITE,WHITE,WHITE,WHITE,WHITE,WHITEWHITE,WHITE,GREEN,WHITE,WHITE,WHITE,WHITE,WHITE,WHITE,WHITE,WHITE,WHITE,WHITE,WHITE,WHITE,WHITE,WHITE,WHITEBLUE,GREEN,BLUE,WHITE,WHITE,WHITE,WHITE,WHITE,WHITE,WHITE,WHITE,WHITE,WHITE,WHITE,WHITE,WHITE,WHITE,WHITEBLUE,GREEN,GREEN,WHITE,WHITE,WHITE,WHITE,RED,RED,BLUE,RED,WHITE,BLUE,BLUE,WHITE,WHITE,RED,REDRED,BLUE,BLUE,WHITE,WHITE,WHITE,RED,GREEN,GREEN,RED,BLUE,RED,GREEN,RED,GREEN,GREEN,GREEN,BLUE]"
"a55d0d64-4315-47b3-8cfa-4027929e10c4",1694207315368,"","98763",2,"42341","ARCHITECT","clear nocolor A2",1694207373001,"(95,38)","6, 18","[WHITE,WHITE,WHITE,WHITE,WHITE,WHITE,WHITE,WHITE,WHITE,WHITE,WHITE,WHITE,WHITE,WHITE,WHITE,WHITE,WHITE,WHITEWHITE,WHITE,WHITE,WHITE,WHITE,WHITE,WHITE,WHITE,WHITE,WHITE,WHITE,WHITE,WHITE,WHITE,WHITE,WHITE,WHITE,WHITEWHITE,WHITE,GREEN,WHITE,WHITE,WHITE,WHITE,WHITE,WHITE,WHITE,WHITE,WHITE,WHITE,WHITE,WHITE,WHITE,WHITE,WHITEBLUE,GREEN,BLUE,WHITE,WHITE,WHITE,WHITE,WHITE,WHITE,WHITE,WHITE,WHITE,WHITE,WHITE,WHITE,WHITE,WHITE,WHITEBLUE,GREEN,GREEN,WHITE,WHITE,WHITE,WHITE,RED,RED,BLUE,RED,WHITE,BLUE,BLUE,WHITE,WHITE,RED,REDRED,BLUE,BLUE,WHITE,WHITE,WHITE,RED,GREEN,GREEN,RED,BLUE,RED,GREEN,RED,GREEN,GREEN,GREEN,BLUE]"
"a55d0d64-4315-47b3-8cfa-4027929e10c4",1694207315368,"","98763",3,"42341","ARCHITECT","fill nocolor B1",1694207387161,"(95,78)","6, 18","[WHITE,WHITE,WHITE,WHITE,WHITE,WHITE,BLUE,BLUE,WHITE,WHITE,WHITE,WHITE,WHITE,WHITE,WHITE,WHITE,WHITE,WHITEWHITE,WHITE,WHITE,WHITE,WHITE,WHITE,GREEN,BLUE,WHITE,WHITE,WHITE,WHITE,WHITE,WHITE,WHITE,WHITE,WHITE,WHITEWHITE,WHITE,WHITE,WHITE,WHITE,WHITE,BLUE,BLUE,BLUE,WHITE,WHITE,WHITE,WHITE,WHITE,WHITE,WHITE,WHITE,WHITEWHITE,WHITE,WHITE,WHITE,WHITE,WHITE,GREEN,GREEN,RED,WHITE,WHITE,WHITE,WHITE,WHITE,WHITE,WHITE,WHITE,WHITEWHITE,WHITE,WHITE,WHITE,WHITE,WHITE,GREEN,RED,RED,WHITE,RED,WHITE,BLUE,WHITE,WHITE,BLUE,RED,REDWHITE,WHITE,WHITE,WHITE,WHITE,WHITE,RED,GREEN,GREEN,RED,BLUE,RED,GREEN,RED,GREEN,GREEN,GREEN,BLUE]"
"a55d0d64-4315-47b3-8cfa-4027929e10c4",1694207315368,"","98763",3,"42341","ARCHITECT","fill nocolor B1",1694207388310,"(57,60)","6, 18","[WHITE,WHITE,WHITE,WHITE,WHITE,WHITE,BLUE,BLUE,WHITE,WHITE,WHITE,WHITE,WHITE,WHITE,WHITE,WHITE,WHITE,WHITEWHITE,WHITE,WHITE,WHITE,WHITE,WHITE,GREEN,BLUE,WHITE,WHITE,WHITE,WHITE,WHITE,WHITE,WHITE,WHITE,WHITE,WHITEWHITE,WHITE,WHITE,WHITE,WHITE,WHITE,BLUE,BLUE,BLUE,WHITE,WHITE,WHITE,WHITE,WHITE,WHITE,WHITE,WHITE,WHITEWHITE,WHITE,WHITE,WHITE,WHITE,WHITE,GREEN,GREEN,RED,WHITE,WHITE,WHITE,WHITE,WHITE,WHITE,WHITE,WHITE,WHITEWHITE,WHITE,WHITE,WHITE,WHITE,WHITE,GREEN,RED,RED,WHITE,RED,WHITE,BLUE,WHITE,WHITE,BLUE,RED,REDWHITE,WHITE,WHITE,WHITE,WHITE,WHITE,RED,GREEN,GREEN,RED,BLUE,RED,GREEN,RED,GREEN,GREEN,GREEN,BLUE]"
"a55d0d64-4315-47b3-8cfa-4027929e10c4",1694207315368,"","98763",3,"42341","ARCHITECT","fill nocolor B1",1694207389505,"(75,42)","6, 18","[WHITE,WHITE,WHITE,WHITE,WHITE,WHITE,BLUE,BLUE,WHITE,WHITE,WHITE,WHITE,WHITE,WHITE,WHITE,WHITE,WHITE,WHITEWHITE,WHITE,WHITE,WHITE,WHITE,WHITE,GREEN,BLUE,WHITE,WHITE,WHITE,WHITE,WHITE,WHITE,WHITE,WHITE,WHITE,WHITEWHITE,WHITE,WHITE,WHITE,WHITE,WHITE,BLUE,BLUE,BLUE,WHITE,WHITE,WHITE,WHITE,WHITE,WHITE,WHITE,WHITE,WHITEWHITE,WHITE,WHITE,WHITE,WHITE,WHITE,GREEN,GREEN,RED,WHITE,WHITE,WHITE,WHITE,WHITE,WHITE,WHITE,WHITE,WHITEWHITE,WHITE,WHITE,WHITE,WHITE,WHITE,GREEN,RED,RED,WHITE,RED,WHITE,BLUE,WHITE,WHITE,BLUE,RED,REDWHITE,WHITE,WHITE,WHITE,WHITE,WHITE,RED,GREEN,GREEN,RED,BLUE,RED,GREEN,RED,GREEN,GREEN,GREEN,BLUE]"
"a55d0d64-4315-47b3-8cfa-4027929e10c4",1694207315368,"","98763",3,"42341","ARCHITECT","fill nocolor B1",1694207391384,"(93,61)","6, 18","[WHITE,WHITE,WHITE,WHITE,WHITE,WHITE,BLUE,BLUE,WHITE,WHITE,WHITE,WHITE,WHITE,WHITE,WHITE,WHITE,WHITE,WHITEWHITE,WHITE,WHITE,WHITE,WHITE,WHITE,GREEN,BLUE,WHITE,WHITE,WHITE,WHITE,WHITE,WHITE,WHITE,WHITE,WHITE,WHITEWHITE,WHITE,WHITE,WHITE,WHITE,WHITE,BLUE,BLUE,BLUE,WHITE,WHITE,WHITE,WHITE,WHITE,WHITE,WHITE,WHITE,WHITEWHITE,WHITE,WHITE,WHITE,WHITE,WHITE,GREEN,GREEN,RED,WHITE,WHITE,WHITE,WHITE,WHITE,WHITE,WHITE,WHITE,WHITEWHITE,WHITE,WHITE,WHITE,WHITE,WHITE,GREEN,RED,RED,WHITE,RED,WHITE,BLUE,WHITE,WHITE,BLUE,RED,REDWHITE,WHITE,WHITE,WHITE,WHITE,WHITE,RED,GREEN,GREEN,RED,BLUE,RED,GREEN,RED,GREEN,GREEN,GREEN,BLUE]"
"a55d0d64-4315-47b3-8cfa-4027929e10c4",1694207315368,"","98763",3,"42341","ARCHITECT","fill nocolor B1",1694207392022,"(92,43)","6, 18","[WHITE,WHITE,WHITE,WHITE,WHITE,WHITE,BLUE,BLUE,WHITE,WHITE,WHITE,WHITE,WHITE,WHITE,WHITE,WHITE,WHITE,WHITEWHITE,WHITE,WHITE,WHITE,WHITE,WHITE,GREEN,BLUE,WHITE,WHITE,WHITE,WHITE,WHITE,WHITE,WHITE,WHITE,WHITE,WHITEWHITE,WHITE,WHITE,WHITE,WHITE,WHITE,BLUE,BLUE,BLUE,WHITE,WHITE,WHITE,WHITE,WHITE,WHITE,WHITE,WHITE,WHITEWHITE,WHITE,WHITE,WHITE,WHITE,WHITE,GREEN,GREEN,RED,WHITE,WHITE,WHITE,WHITE,WHITE,WHITE,WHITE,WHITE,WHITEWHITE,WHITE,WHITE,WHITE,WHITE,WHITE,GREEN,RED,RED,WHITE,RED,WHITE,BLUE,WHITE,WHITE,BLUE,RED,REDWHITE,WHITE,WHITE,WHITE,WHITE,WHITE,RED,GREEN,GREEN,RED,BLUE,RED,GREEN,RED,GREEN,GREEN,GREEN,BLUE]"
"a55d0d64-4315-47b3-8cfa-4027929e10c4",1694207315368,"","98763",3,"42341","ARCHITECT","fill nocolor B1",1694207393362,"(73,24)","6, 18","[WHITE,WHITE,WHITE,WHITE,WHITE,WHITE,BLUE,BLUE,WHITE,WHITE,WHITE,WHITE,WHITE,WHITE,WHITE,WHITE,WHITE,WHITEWHITE,WHITE,WHITE,WHITE,WHITE,WHITE,GREEN,BLUE,WHITE,WHITE,WHITE,WHITE,WHITE,WHITE,WHITE,WHITE,WHITE,WHITEWHITE,WHITE,WHITE,WHITE,WHITE,WHITE,BLUE,BLUE,BLUE,WHITE,WHITE,WHITE,WHITE,WHITE,WHITE,WHITE,WHITE,WHITEWHITE,WHITE,WHITE,WHITE,WHITE,WHITE,GREEN,GREEN,RED,WHITE,WHITE,WHITE,WHITE,WHITE,WHITE,WHITE,WHITE,WHITEWHITE,WHITE,WHITE,WHITE,WHITE,WHITE,GREEN,RED,RED,WHITE,RED,WHITE,BLUE,WHITE,WHITE,BLUE,RED,REDWHITE,WHITE,WHITE,WHITE,WHITE,WHITE,RED,GREEN,GREEN,RED,BLUE,RED,GREEN,RED,GREEN,GREEN,GREEN,BLUE]"
"a55d0d64-4315-47b3-8cfa-4027929e10c4",1694207315368,"","98763",3,"42341","ARCHITECT","fill nocolor B1",1694207394608,"(54,6)","6, 18","[WHITE,WHITE,WHITE,WHITE,WHITE,WHITE,BLUE,BLUE,WHITE,WHITE,WHITE,WHITE,WHITE,WHITE,WHITE,WHITE,WHITE,WHITEWHITE,WHITE,WHITE,WHITE,WHITE,WHITE,GREEN,BLUE,WHITE,WHITE,WHITE,WHITE,WHITE,WHITE,WHITE,WHITE,WHITE,WHITEWHITE,WHITE,WHITE,WHITE,WHITE,WHITE,BLUE,BLUE,BLUE,WHITE,WHITE,WHITE,WHITE,WHITE,WHITE,WHITE,WHITE,WHITEWHITE,WHITE,WHITE,WHITE,WHITE,WHITE,GREEN,GREEN,RED,WHITE,WHITE,WHITE,WHITE,WHITE,WHITE,WHITE,WHITE,WHITEWHITE,WHITE,WHITE,WHITE,WHITE,WHITE,GREEN,RED,RED,WHITE,RED,WHITE,BLUE,WHITE,WHITE,BLUE,RED,REDWHITE,WHITE,WHITE,WHITE,WHITE,WHITE,RED,GREEN,GREEN,RED,BLUE,RED,GREEN,RED,GREEN,GREEN,GREEN,BLUE]"
"a55d0d64-4315-47b3-8cfa-4027929e10c4",1694207315368,"","98763",3,"42341","ARCHITECT","fill nocolor B1",1694207395838,"(91,25)","6, 18","[WHITE,WHITE,WHITE,WHITE,WHITE,WHITE,BLUE,BLUE,WHITE,WHITE,WHITE,WHITE,WHITE,WHITE,WHITE,WHITE,WHITE,WHITEWHITE,WHITE,WHITE,WHITE,WHITE,WHITE,GREEN,BLUE,WHITE,WHITE,WHITE,WHITE,WHITE,WHITE,WHITE,WHITE,WHITE,WHITEWHITE,WHITE,WHITE,WHITE,WHITE,WHITE,BLUE,BLUE,BLUE,WHITE,WHITE,WHITE,WHITE,WHITE,WHITE,WHITE,WHITE,WHITEWHITE,WHITE,WHITE,WHITE,WHITE,WHITE,GREEN,GREEN,RED,WHITE,WHITE,WHITE,WHITE,WHITE,WHITE,WHITE,WHITE,WHITEWHITE,WHITE,WHITE,WHITE,WHITE,WHITE,GREEN,RED,RED,WHITE,RED,WHITE,BLUE,WHITE,WHITE,BLUE,RED,REDWHITE,WHITE,WHITE,WHITE,WHITE,WHITE,RED,GREEN,GREEN,RED,BLUE,RED,GREEN,RED,GREEN,GREEN,GREEN,BLUE]"
"a55d0d64-4315-47b3-8cfa-4027929e10c4",1694207315368,"","98763",3,"42341","ARCHITECT","fill nocolor B1",1694207397183,"(72,7)","6, 18","[WHITE,WHITE,WHITE,WHITE,WHITE,WHITE,BLUE,BLUE,WHITE,WHITE,WHITE,WHITE,WHITE,WHITE,WHITE,WHITE,WHITE,WHITEWHITE,WHITE,WHITE,WHITE,WHITE,WHITE,GREEN,BLUE,WHITE,WHITE,WHITE,WHITE,WHITE,WHITE,WHITE,WHITE,WHITE,WHITEWHITE,WHITE,WHITE,WHITE,WHITE,WHITE,BLUE,BLUE,BLUE,WHITE,WHITE,WHITE,WHITE,WHITE,WHITE,WHITE,WHITE,WHITEWHITE,WHITE,WHITE,WHITE,WHITE,WHITE,GREEN,GREEN,RED,WHITE,WHITE,WHITE,WHITE,WHITE,WHITE,WHITE,WHITE,WHITEWHITE,WHITE,WHITE,WHITE,WHITE,WHITE,GREEN,RED,RED,WHITE,RED,WHITE,BLUE,WHITE,WHITE,BLUE,RED,REDWHITE,WHITE,WHITE,WHITE,WHITE,WHITE,RED,GREEN,GREEN,RED,BLUE,RED,GREEN,RED,GREEN,GREEN,GREEN,BLUE]"
"a55d0d64-4315-47b3-8cfa-4027929e10c4",1694207315368,"","98763",3,"42341","ARCHITECT","fill nocolor B1",1694207398512,"(90,62)","6, 18","[WHITE,WHITE,WHITE,WHITE,WHITE,WHITE,BLUE,BLUE,WHITE,WHITE,WHITE,WHITE,WHITE,WHITE,WHITE,WHITE,WHITE,WHITEWHITE,WHITE,WHITE,WHITE,WHITE,WHITE,GREEN,BLUE,WHITE,WHITE,WHITE,WHITE,WHITE,WHITE,WHITE,WHITE,WHITE,WHITEWHITE,WHITE,WHITE,WHITE,WHITE,WHITE,BLUE,BLUE,BLUE,WHITE,WHITE,WHITE,WHITE,WHITE,WHITE,WHITE,WHITE,WHITEWHITE,WHITE,WHITE,WHITE,WHITE,WHITE,GREEN,GREEN,RED,WHITE,WHITE,WHITE,WHITE,WHITE,WHITE,WHITE,WHITE,WHITEWHITE,WHITE,WHITE,WHITE,WHITE,WHITE,GREEN,RED,RED,WHITE,RED,WHITE,BLUE,WHITE,WHITE,BLUE,RED,REDWHITE,WHITE,WHITE,WHITE,WHITE,WHITE,RED,GREEN,GREEN,RED,BLUE,RED,GREEN,RED,GREEN,GREEN,GREEN,BLUE]"
"a55d0d64-4315-47b3-8cfa-4027929e10c4",1694207315368,"","98763",3,"42341","ARCHITECT","fill nocolor B1",1694207400394,"(81,44)","6, 18","[WHITE,WHITE,WHITE,WHITE,WHITE,WHITE,BLUE,BLUE,WHITE,WHITE,WHITE,WHITE,WHITE,WHITE,WHITE,WHITE,WHITE,WHITEWHITE,WHITE,WHITE,WHITE,WHITE,WHITE,GREEN,BLUE,WHITE,WHITE,WHITE,WHITE,WHITE,WHITE,WHITE,WHITE,WHITE,WHITEWHITE,WHITE,WHITE,WHITE,WHITE,WHITE,BLUE,BLUE,BLUE,WHITE,WHITE,WHITE,WHITE,WHITE,WHITE,WHITE,WHITE,WHITEWHITE,WHITE,WHITE,WHITE,WHITE,WHITE,GREEN,GREEN,RED,WHITE,WHITE,WHITE,WHITE,WHITE,WHITE,WHITE,WHITE,WHITEWHITE,WHITE,WHITE,WHITE,WHITE,WHITE,GREEN,RED,RED,WHITE,RED,WHITE,BLUE,WHITE,WHITE,BLUE,RED,REDWHITE,WHITE,WHITE,WHITE,WHITE,WHITE,RED,GREEN,GREEN,RED,BLUE,RED,GREEN,RED,GREEN,GREEN,GREEN,BLUE]"
"a55d0d64-4315-47b3-8cfa-4027929e10c4",1694207315368,"","98763",3,"42341","ARCHITECT","fill nocolor B1",1694207428652,"(88,87)","6, 18","[WHITE,WHITE,WHITE,WHITE,WHITE,WHITE,BLUE,BLUE,WHITE,WHITE,WHITE,WHITE,WHITE,WHITE,WHITE,WHITE,WHITE,WHITEWHITE,WHITE,WHITE,WHITE,WHITE,WHITE,GREEN,BLUE,WHITE,WHITE,WHITE,WHITE,WHITE,WHITE,WHITE,WHITE,WHITE,WHITEWHITE,WHITE,WHITE,WHITE,WHITE,WHITE,BLUE,BLUE,BLUE,WHITE,WHITE,WHITE,WHITE,WHITE,WHITE,WHITE,WHITE,WHITEWHITE,WHITE,WHITE,WHITE,WHITE,WHITE,GREEN,GREEN,RED,WHITE,WHITE,WHITE,WHITE,WHITE,WHITE,WHITE,WHITE,WHITEWHITE,WHITE,WHITE,WHITE,WHITE,WHITE,GREEN,RED,RED,WHITE,RED,WHITE,BLUE,WHITE,WHITE,BLUE,RED,REDWHITE,WHITE,WHITE,WHITE,WHITE,WHITE,RED,GREEN,GREEN,RED,BLUE,RED,GREEN,RED,GREEN,GREEN,GREEN,BLUE]"
"a55d0d64-4315-47b3-8cfa-4027929e10c4",1694207315368,"","98763",3,"42341","ARCHITECT","fill nocolor B1",1694207500464,"(85,86)","6, 18","[WHITE,WHITE,WHITE,WHITE,WHITE,WHITE,BLUE,BLUE,WHITE,WHITE,WHITE,WHITE,WHITE,WHITE,WHITE,WHITE,WHITE,WHITEWHITE,WHITE,WHITE,WHITE,WHITE,WHITE,GREEN,BLUE,WHITE,WHITE,WHITE,WHITE,WHITE,WHITE,WHITE,WHITE,WHITE,WHITEWHITE,WHITE,WHITE,WHITE,WHITE,WHITE,BLUE,BLUE,BLUE,WHITE,WHITE,WHITE,WHITE,WHITE,WHITE,WHITE,WHITE,WHITEWHITE,WHITE,WHITE,WHITE,WHITE,WHITE,GREEN,GREEN,RED,WHITE,WHITE,WHITE,WHITE,WHITE,WHITE,WHITE,WHITE,WHITEWHITE,WHITE,WHITE,WHITE,WHITE,WHITE,GREEN,RED,RED,WHITE,RED,WHITE,BLUE,WHITE,WHITE,BLUE,RED,REDWHITE,WHITE,WHITE,WHITE,WHITE,WHITE,RED,GREEN,GREEN,RED,BLUE,RED,GREEN,RED,GREEN,GREEN,GREEN,BLUE]"
"a55d0d64-4315-47b3-8cfa-4027929e10c4",1694207315368,"","98763",3,"42341","ARCHITECT","fill nocolor B1",1694207585587,"(87,88)","6, 18","[WHITE,WHITE,WHITE,WHITE,WHITE,WHITE,BLUE,BLUE,WHITE,WHITE,WHITE,WHITE,WHITE,WHITE,WHITE,WHITE,WHITE,WHITEWHITE,WHITE,WHITE,WHITE,WHITE,WHITE,GREEN,BLUE,WHITE,WHITE,WHITE,WHITE,WHITE,WHITE,WHITE,WHITE,WHITE,WHITEWHITE,WHITE,WHITE,WHITE,WHITE,WHITE,BLUE,BLUE,BLUE,WHITE,WHITE,WHITE,WHITE,WHITE,WHITE,WHITE,WHITE,WHITEWHITE,WHITE,WHITE,WHITE,WHITE,WHITE,GREEN,GREEN,RED,WHITE,WHITE,WHITE,WHITE,WHITE,WHITE,WHITE,WHITE,WHITEWHITE,WHITE,WHITE,WHITE,WHITE,WHITE,GREEN,RED,RED,WHITE,RED,WHITE,BLUE,WHITE,WHITE,BLUE,RED,REDWHITE,WHITE,WHITE,WHITE,WHITE,WHITE,RED,GREEN,GREEN,RED,BLUE,RED,GREEN,RED,GREEN,GREEN,GREEN,BLUE]"
"a55d0d64-4315-47b3-8cfa-4027929e10c4",1694207315368,"","98763",3,"42341","ARCHITECT","fill nocolor B1",1694207587190,"(86,87)","6, 18","[WHITE,WHITE,WHITE,WHITE,WHITE,WHITE,BLUE,BLUE,WHITE,WHITE,WHITE,WHITE,WHITE,WHITE,WHITE,WHITE,WHITE,WHITEWHITE,WHITE,WHITE,WHITE,WHITE,WHITE,GREEN,BLUE,WHITE,WHITE,WHITE,WHITE,WHITE,WHITE,WHITE,WHITE,WHITE,WHITEWHITE,WHITE,WHITE,WHITE,WHITE,WHITE,BLUE,BLUE,BLUE,WHITE,WHITE,WHITE,WHITE,WHITE,WHITE,WHITE,WHITE,WHITEWHITE,WHITE,WHITE,WHITE,WHITE,WHITE,GREEN,GREEN,RED,WHITE,WHITE,WHITE,WHITE,WHITE,WHITE,WHITE,WHITE,WHITEWHITE,WHITE,WHITE,WHITE,WHITE,WHITE,GREEN,RED,RED,WHITE,RED,WHITE,BLUE,WHITE,WHITE,BLUE,RED,REDWHITE,WHITE,WHITE,WHITE,WHITE,WHITE,RED,GREEN,GREEN,RED,BLUE,RED,GREEN,RED,GREEN,GREEN,GREEN,BLUE]"
"0428b217-f96b-4423-91ed-2d1f2d51b369",1694349419991,1694349703415,"",0,"53453","ARCHITECT","fill nocolor C1",1694349461129,"(81,12)","6, 18","[WHITE,WHITE,WHITE,WHITE,WHITE,WHITE,WHITE,WHITE,WHITE,WHITE,WHITE,WHITE,BLUE,BLUE,BLUE,WHITE,WHITE,WHITEWHITE,WHITE,WHITE,WHITE,WHITE,WHITE,WHITE,WHITE,WHITE,WHITE,WHITE,WHITE,GREEN,GREEN,RED,WHITE,WHITE,WHITEWHITE,WHITE,WHITE,WHITE,WHITE,WHITE,WHITE,WHITE,WHITE,WHITE,WHITE,WHITE,RED,RED,GREEN,WHITE,WHITE,WHITEWHITE,WHITE,WHITE,WHITE,WHITE,WHITE,WHITE,WHITE,WHITE,WHITE,WHITE,WHITE,GREEN,GREEN,GREEN,WHITE,WHITE,WHITEBLUE,BLUE,GREEN,GREEN,RED,BLUE,BLUE,RED,WHITE,WHITE,WHITE,WHITE,RED,RED,GREEN,GREEN,RED,WHITERED,RED,GREEN,GREEN,RED,BLUE,RED,RED,GREEN,GREEN,WHITE,WHITE,BLUE,BLUE,GREEN,GREEN,RED,BLUE]"
"0428b217-f96b-4423-91ed-2d1f2d51b369",1694349419991,1694349703415,"",0,"53453","ARCHITECT","fill nocolor C1",1694349463263,"(83,13)","6, 18","[WHITE,WHITE,WHITE,WHITE,WHITE,WHITE,WHITE,WHITE,WHITE,WHITE,WHITE,WHITE,BLUE,BLUE,BLUE,WHITE,WHITE,WHITEWHITE,WHITE,WHITE,WHITE,WHITE,WHITE,WHITE,WHITE,WHITE,WHITE,WHITE,WHITE,GREEN,GREEN,RED,WHITE,WHITE,WHITEWHITE,WHITE,WHITE,WHITE,WHITE,WHITE,WHITE,WHITE,WHITE,WHITE,WHITE,WHITE,RED,RED,GREEN,WHITE,WHITE,WHITEWHITE,WHITE,WHITE,WHITE,WHITE,WHITE,WHITE,WHITE,WHITE,WHITE,WHITE,WHITE,GREEN,GREEN,GREEN,WHITE,WHITE,WHITEBLUE,BLUE,GREEN,GREEN,RED,BLUE,BLUE,RED,WHITE,WHITE,WHITE,WHITE,RED,RED,GREEN,GREEN,RED,WHITERED,RED,GREEN,GREEN,RED,BLUE,RED,RED,GREEN,GREEN,WHITE,WHITE,BLUE,BLUE,GREEN,GREEN,RED,BLUE]"
"0428b217-f96b-4423-91ed-2d1f2d51b369",1694349419991,1694349703415,"",0,"53453","ARCHITECT","fill nocolor C1",1694349466371,"(100,32)","6, 18","[WHITE,WHITE,WHITE,WHITE,WHITE,WHITE,WHITE,WHITE,WHITE,WHITE,WHITE,WHITE,BLUE,BLUE,BLUE,WHITE,WHITE,WHITEWHITE,WHITE,WHITE,WHITE,WHITE,WHITE,WHITE,WHITE,WHITE,WHITE,WHITE,WHITE,GREEN,GREEN,RED,WHITE,WHITE,WHITEWHITE,WHITE,WHITE,WHITE,WHITE,WHITE,WHITE,WHITE,WHITE,WHITE,WHITE,WHITE,RED,RED,GREEN,WHITE,WHITE,WHITEWHITE,WHITE,WHITE,WHITE,WHITE,WHITE,WHITE,WHITE,WHITE,WHITE,WHITE,WHITE,GREEN,GREEN,GREEN,WHITE,WHITE,WHITEBLUE,BLUE,GREEN,GREEN,RED,BLUE,BLUE,RED,WHITE,WHITE,WHITE,WHITE,RED,RED,GREEN,GREEN,RED,WHITERED,RED,GREEN,GREEN,RED,BLUE,RED,RED,GREEN,GREEN,WHITE,WHITE,BLUE,BLUE,GREEN,GREEN,RED,BLUE]"
"0428b217-f96b-4423-91ed-2d1f2d51b369",1694349419991,1694349703415,"",0,"53453","ARCHITECT","fill nocolor C1",1694349471425,"(101,14)","6, 18","[WHITE,WHITE,WHITE,WHITE,WHITE,WHITE,WHITE,WHITE,WHITE,WHITE,WHITE,WHITE,BLUE,BLUE,BLUE,WHITE,WHITE,WHITEWHITE,WHITE,WHITE,WHITE,WHITE,WHITE,WHITE,WHITE,WHITE,WHITE,WHITE,WHITE,GREEN,GREEN,RED,WHITE,WHITE,WHITEWHITE,WHITE,WHITE,WHITE,WHITE,WHITE,WHITE,WHITE,WHITE,WHITE,WHITE,WHITE,RED,RED,GREEN,WHITE,WHITE,WHITEWHITE,WHITE,WHITE,WHITE,WHITE,WHITE,WHITE,WHITE,WHITE,WHITE,WHITE,WHITE,GREEN,GREEN,GREEN,WHITE,WHITE,WHITEBLUE,BLUE,GREEN,GREEN,RED,BLUE,BLUE,RED,WHITE,WHITE,WHITE,WHITE,RED,RED,GREEN,GREEN,RED,WHITERED,RED,GREEN,GREEN,RED,BLUE,RED,RED,GREEN,GREEN,WHITE,WHITE,BLUE,BLUE,GREEN,GREEN,RED,BLUE]"
"0428b217-f96b-4423-91ed-2d1f2d51b369",1694349419991,1694349703415,"33708",1,"53453","ARCHITECT","fill nocolor A1",1694349478957,"(75,73)","6, 18","[GREEN,GREEN,GREEN,WHITE,WHITE,WHITE,WHITE,WHITE,WHITE,WHITE,WHITE,WHITE,WHITE,WHITE,WHITE,WHITE,WHITE,WHITERED,BLUE,GREEN,WHITE,WHITE,WHITE,WHITE,WHITE,WHITE,WHITE,WHITE,WHITE,WHITE,WHITE,WHITE,WHITE,WHITE,WHITERED,RED,BLUE,WHITE,WHITE,WHITE,WHITE,WHITE,WHITE,WHITE,WHITE,WHITE,WHITE,WHITE,WHITE,WHITE,WHITE,WHITERED,GREEN,RED,WHITE,WHITE,WHITE,WHITE,WHITE,WHITE,WHITE,WHITE,WHITE,WHITE,WHITE,WHITE,WHITE,WHITE,WHITEBLUE,BLUE,GREEN,WHITE,WHITE,WHITE,WHITE,WHITE,WHITE,WHITE,WHITE,WHITE,BLUE,BLUE,WHITE,GREEN,BLUE,BLUEGREEN,RED,RED,RED,WHITE,WHITE,WHITE,WHITE,WHITE,WHITE,WHITE,WHITE,BLUE,GREEN,GREEN,RED,BLUE,RED]"
"0428b217-f96b-4423-91ed-2d1f2d51b369",1694349419991,1694349703415,"33708",1,"53453","ARCHITECT","fill nocolor A1",1694349480517,"(94,55)","6, 18","[GREEN,GREEN,GREEN,WHITE,WHITE,WHITE,WHITE,WHITE,WHITE,WHITE,WHITE,WHITE,WHITE,WHITE,WHITE,WHITE,WHITE,WHITERED,BLUE,GREEN,WHITE,WHITE,WHITE,WHITE,WHITE,WHITE,WHITE,WHITE,WHITE,WHITE,WHITE,WHITE,WHITE,WHITE,WHITERED,RED,BLUE,WHITE,WHITE,WHITE,WHITE,WHITE,WHITE,WHITE,WHITE,WHITE,WHITE,WHITE,WHITE,WHITE,WHITE,WHITERED,GREEN,RED,WHITE,WHITE,WHITE,WHITE,WHITE,WHITE,WHITE,WHITE,WHITE,WHITE,WHITE,WHITE,WHITE,WHITE,WHITEBLUE,BLUE,GREEN,WHITE,WHITE,WHITE,WHITE,WHITE,WHITE,WHITE,WHITE,WHITE,BLUE,BLUE,WHITE,GREEN,BLUE,BLUEGREEN,RED,RED,RED,WHITE,WHITE,WHITE,WHITE,WHITE,WHITE,WHITE,WHITE,BLUE,GREEN,GREEN,RED,BLUE,RED]"
"0428b217-f96b-4423-91ed-2d1f2d51b369",1694349419991,1694349703415,"33708",1,"53453","ARCHITECT","fill nocolor A1",1694349482096,"(95,56)","6, 18","[GREEN,GREEN,GREEN,WHITE,WHITE,WHITE,WHITE,WHITE,WHITE,WHITE,WHITE,WHITE,WHITE,WHITE,WHITE,WHITE,WHITE,WHITERED,BLUE,GREEN,WHITE,WHITE,WHITE,WHITE,WHITE,WHITE,WHITE,WHITE,WHITE,WHITE,WHITE,WHITE,WHITE,WHITE,WHITERED,RED,BLUE,WHITE,WHITE,WHITE,WHITE,WHITE,WHITE,WHITE,WHITE,WHITE,WHITE,WHITE,WHITE,WHITE,WHITE,WHITERED,GREEN,RED,WHITE,WHITE,WHITE,WHITE,WHITE,WHITE,WHITE,WHITE,WHITE,WHITE,WHITE,WHITE,WHITE,WHITE,WHITEBLUE,BLUE,GREEN,WHITE,WHITE,WHITE,WHITE,WHITE,WHITE,WHITE,WHITE,WHITE,BLUE,BLUE,WHITE,GREEN,BLUE,BLUEGREEN,RED,RED,RED,WHITE,WHITE,WHITE,WHITE,WHITE,WHITE,WHITE,WHITE,BLUE,GREEN,GREEN,RED,BLUE,RED]"
"0428b217-f96b-4423-91ed-2d1f2d51b369",1694349419991,1694349703415,"33708",1,"53453","ARCHITECT","fill nocolor A1",1694349483336,"(78,38)","6, 18","[GREEN,GREEN,GREEN,WHITE,WHITE,WHITE,WHITE,WHITE,WHITE,WHITE,WHITE,WHITE,WHITE,WHITE,WHITE,WHITE,WHITE,WHITERED,BLUE,GREEN,WHITE,WHITE,WHITE,WHITE,WHITE,WHITE,WHITE,WHITE,WHITE,WHITE,WHITE,WHITE,WHITE,WHITE,WHITERED,RED,BLUE,WHITE,WHITE,WHITE,WHITE,WHITE,WHITE,WHITE,WHITE,WHITE,WHITE,WHITE,WHITE,WHITE,WHITE,WHITERED,GREEN,RED,WHITE,WHITE,WHITE,WHITE,WHITE,WHITE,WHITE,WHITE,WHITE,WHITE,WHITE,WHITE,WHITE,WHITE,WHITEBLUE,BLUE,GREEN,WHITE,WHITE,WHITE,WHITE,WHITE,WHITE,WHITE,WHITE,WHITE,BLUE,BLUE,WHITE,GREEN,BLUE,BLUEGREEN,RED,RED,RED,WHITE,WHITE,WHITE,WHITE,WHITE,WHITE,WHITE,WHITE,BLUE,GREEN,GREEN,RED,BLUE,RED]"
"0428b217-f96b-4423-91ed-2d1f2d51b369",1694349419991,1694349703415,"33708",1,"53453","ARCHITECT","fill nocolor A1",1694349484848,"(96,37)","6, 18","[GREEN,GREEN,GREEN,WHITE,WHITE,WHITE,WHITE,WHITE,WHITE,WHITE,WHITE,WHITE,WHITE,WHITE,WHITE,WHITE,WHITE,WHITERED,BLUE,GREEN,WHITE,WHITE,WHITE,WHITE,WHITE,WHITE,WHITE,WHITE,WHITE,WHITE,WHITE,WHITE,WHITE,WHITE,WHITERED,RED,BLUE,WHITE,WHITE,WHITE,WHITE,WHITE,WHITE,WHITE,WHITE,WHITE,WHITE,WHITE,WHITE,WHITE,WHITE,WHITERED,GREEN,RED,WHITE,WHITE,WHITE,WHITE,WHITE,WHITE,WHITE,WHITE,WHITE,WHITE,WHITE,WHITE,WHITE,WHITE,WHITEBLUE,BLUE,GREEN,WHITE,WHITE,WHITE,WHITE,WHITE,WHITE,WHITE,WHITE,WHITE,BLUE,BLUE,WHITE,GREEN,BLUE,BLUEGREEN,RED,RED,RED,WHITE,WHITE,WHITE,WHITE,WHITE,WHITE,WHITE,WHITE,BLUE,GREEN,GREEN,RED,BLUE,RED]"
"0428b217-f96b-4423-91ed-2d1f2d51b369",1694349419991,1694349703415,"33708",1,"53453","ARCHITECT","fill nocolor A1",1694349487953,"(79,36)","6, 18","[GREEN,GREEN,GREEN,WHITE,WHITE,WHITE,WHITE,WHITE,WHITE,WHITE,WHITE,WHITE,WHITE,WHITE,WHITE,WHITE,WHITE,WHITERED,BLUE,GREEN,WHITE,WHITE,WHITE,WHITE,WHITE,WHITE,WHITE,WHITE,WHITE,WHITE,WHITE,WHITE,WHITE,WHITE,WHITERED,RED,BLUE,WHITE,WHITE,WHITE,WHITE,WHITE,WHITE,WHITE,WHITE,WHITE,WHITE,WHITE,WHITE,WHITE,WHITE,WHITERED,GREEN,RED,WHITE,WHITE,WHITE,WHITE,WHITE,WHITE,WHITE,WHITE,WHITE,WHITE,WHITE,WHITE,WHITE,WHITE,WHITEBLUE,BLUE,GREEN,WHITE,WHITE,WHITE,WHITE,WHITE,WHITE,WHITE,WHITE,WHITE,BLUE,BLUE,WHITE,GREEN,BLUE,BLUEGREEN,RED,RED,RED,WHITE,WHITE,WHITE,WHITE,WHITE,WHITE,WHITE,WHITE,BLUE,GREEN,GREEN,RED,BLUE,RED]"
"0428b217-f96b-4423-91ed-2d1f2d51b369",1694349419991,1694349703415,"33708",1,"53453","ARCHITECT","fill nocolor A1",1694349489534,"(97,20)","6, 18","[GREEN,GREEN,GREEN,WHITE,WHITE,WHITE,WHITE,WHITE,WHITE,WHITE,WHITE,WHITE,WHITE,WHITE,WHITE,WHITE,WHITE,WHITERED,BLUE,GREEN,WHITE,WHITE,WHITE,WHITE,WHITE,WHITE,WHITE,WHITE,WHITE,WHITE,WHITE,WHITE,WHITE,WHITE,WHITERED,RED,BLUE,WHITE,WHITE,WHITE,WHITE,WHITE,WHITE,WHITE,WHITE,WHITE,WHITE,WHITE,WHITE,WHITE,WHITE,WHITERED,GREEN,RED,WHITE,WHITE,WHITE,WHITE,WHITE,WHITE,WHITE,WHITE,WHITE,WHITE,WHITE,WHITE,WHITE,WHITE,WHITEBLUE,BLUE,GREEN,WHITE,WHITE,WHITE,WHITE,WHITE,WHITE,WHITE,WHITE,WHITE,BLUE,BLUE,WHITE,GREEN,BLUE,BLUEGREEN,RED,RED,RED,WHITE,WHITE,WHITE,WHITE,WHITE,WHITE,WHITE,WHITE,BLUE,GREEN,GREEN,RED,BLUE,RED]"
"0428b217-f96b-4423-91ed-2d1f2d51b369",1694349419991,1694349703415,"33708",1,"53453","ARCHITECT","fill nocolor A1",1694349491713,"(81,19)","6, 18","[GREEN,GREEN,GREEN,WHITE,WHITE,WHITE,WHITE,WHITE,WHITE,WHITE,WHITE,WHITE,WHITE,WHITE,WHITE,WHITE,WHITE,WHITERED,BLUE,GREEN,WHITE,WHITE,WHITE,WHITE,WHITE,WHITE,WHITE,WHITE,WHITE,WHITE,WHITE,WHITE,WHITE,WHITE,WHITERED,RED,BLUE,WHITE,WHITE,WHITE,WHITE,WHITE,WHITE,WHITE,WHITE,WHITE,WHITE,WHITE,WHITE,WHITE,WHITE,WHITERED,GREEN,RED,WHITE,WHITE,WHITE,WHITE,WHITE,WHITE,WHITE,WHITE,WHITE,WHITE,WHITE,WHITE,WHITE,WHITE,WHITEBLUE,BLUE,GREEN,WHITE,WHITE,WHITE,WHITE,WHITE,WHITE,WHITE,WHITE,WHITE,BLUE,BLUE,WHITE,GREEN,BLUE,BLUEGREEN,RED,RED,RED,WHITE,WHITE,WHITE,WHITE,WHITE,WHITE,WHITE,WHITE,BLUE,GREEN,GREEN,RED,BLUE,RED]"
"0428b217-f96b-4423-91ed-2d1f2d51b369",1694349419991,1694349703415,"33708",1,"53453","ARCHITECT","fill nocolor A1",1694349493070,"(99,2)","6, 18","[GREEN,GREEN,GREEN,WHITE,WHITE,WHITE,WHITE,WHITE,WHITE,WHITE,WHITE,WHITE,WHITE,WHITE,WHITE,WHITE,WHITE,WHITERED,BLUE,GREEN,WHITE,WHITE,WHITE,WHITE,WHITE,WHITE,WHITE,WHITE,WHITE,WHITE,WHITE,WHITE,WHITE,WHITE,WHITERED,RED,BLUE,WHITE,WHITE,WHITE,WHITE,WHITE,WHITE,WHITE,WHITE,WHITE,WHITE,WHITE,WHITE,WHITE,WHITE,WHITERED,GREEN,RED,WHITE,WHITE,WHITE,WHITE,WHITE,WHITE,WHITE,WHITE,WHITE,WHITE,WHITE,WHITE,WHITE,WHITE,WHITEBLUE,BLUE,GREEN,WHITE,WHITE,WHITE,WHITE,WHITE,WHITE,WHITE,WHITE,WHITE,BLUE,BLUE,WHITE,GREEN,BLUE,BLUEGREEN,RED,RED,RED,WHITE,WHITE,WHITE,WHITE,WHITE,WHITE,WHITE,WHITE,BLUE,GREEN,GREEN,RED,BLUE,RED]"
"0428b217-f96b-4423-91ed-2d1f2d51b369",1694349419991,1694349703415,"33708",1,"53453","ARCHITECT","fill nocolor A1",1694349502566,"(66,1)","6, 18","[GREEN,GREEN,GREEN,WHITE,WHITE,WHITE,WHITE,WHITE,WHITE,WHITE,WHITE,WHITE,WHITE,WHITE,WHITE,WHITE,WHITE,WHITERED,BLUE,GREEN,WHITE,WHITE,WHITE,WHITE,WHITE,WHITE,WHITE,WHITE,WHITE,WHITE,WHITE,WHITE,WHITE,WHITE,WHITERED,RED,BLUE,WHITE,WHITE,WHITE,WHITE,WHITE,WHITE,WHITE,WHITE,WHITE,WHITE,WHITE,WHITE,WHITE,WHITE,WHITERED,GREEN,RED,WHITE,WHITE,WHITE,WHITE,WHITE,WHITE,WHITE,WHITE,WHITE,WHITE,WHITE,WHITE,WHITE,WHITE,WHITEBLUE,BLUE,GREEN,WHITE,WHITE,WHITE,WHITE,WHITE,WHITE,WHITE,WHITE,WHITE,BLUE,BLUE,WHITE,GREEN,BLUE,BLUEGREEN,RED,RED,RED,WHITE,WHITE,WHITE,WHITE,WHITE,WHITE,WHITE,WHITE,BLUE,GREEN,GREEN,RED,BLUE,RED]"
"0428b217-f96b-4423-91ed-2d1f2d51b369",1694349419991,1694349703415,"33708",1,"53453","ARCHITECT","fill nocolor A1",1694349504399,"(101,18)","6, 18","[GREEN,GREEN,GREEN,WHITE,WHITE,WHITE,WHITE,WHITE,WHITE,WHITE,WHITE,WHITE,WHITE,WHITE,WHITE,WHITE,WHITE,WHITERED,BLUE,GREEN,WHITE,WHITE,WHITE,WHITE,WHITE,WHITE,WHITE,WHITE,WHITE,WHITE,WHITE,WHITE,WHITE,WHITE,WHITERED,RED,BLUE,WHITE,WHITE,WHITE,WHITE,WHITE,WHITE,WHITE,WHITE,WHITE,WHITE,WHITE,WHITE,WHITE,WHITE,WHITERED,GREEN,RED,WHITE,WHITE,WHITE,WHITE,WHITE,WHITE,WHITE,WHITE,WHITE,WHITE,WHITE,WHITE,WHITE,WHITE,WHITEBLUE,BLUE,GREEN,WHITE,WHITE,WHITE,WHITE,WHITE,WHITE,WHITE,WHITE,WHITE,BLUE,BLUE,WHITE,GREEN,BLUE,BLUEGREEN,RED,RED,RED,WHITE,WHITE,WHITE,WHITE,WHITE,WHITE,WHITE,WHITE,BLUE,GREEN,GREEN,RED,BLUE,RED]"
"0428b217-f96b-4423-91ed-2d1f2d51b369",1694349419991,1694349703415,"33708",1,"53453","ARCHITECT","fill nocolor A1",1694349507520,"(67,0)","6, 18","[GREEN,GREEN,GREEN,WHITE,WHITE,WHITE,WHITE,WHITE,WHITE,WHITE,WHITE,WHITE,WHITE,WHITE,WHITE,WHITE,WHITE,WHITERED,BLUE,GREEN,WHITE,WHITE,WHITE,WHITE,WHITE,WHITE,WHITE,WHITE,WHITE,WHITE,WHITE,WHITE,WHITE,WHITE,WHITERED,RED,BLUE,WHITE,WHITE,WHITE,WHITE,WHITE,WHITE,WHITE,WHITE,WHITE,WHITE,WHITE,WHITE,WHITE,WHITE,WHITERED,GREEN,RED,WHITE,WHITE,WHITE,WHITE,WHITE,WHITE,WHITE,WHITE,WHITE,WHITE,WHITE,WHITE,WHITE,WHITE,WHITEBLUE,BLUE,GREEN,WHITE,WHITE,WHITE,WHITE,WHITE,WHITE,WHITE,WHITE,WHITE,BLUE,BLUE,WHITE,GREEN,BLUE,BLUEGREEN,RED,RED,RED,WHITE,WHITE,WHITE,WHITE,WHITE,WHITE,WHITE,WHITE,BLUE,GREEN,GREEN,RED,BLUE,RED]"
"0428b217-f96b-4423-91ed-2d1f2d51b369",1694349419991,1694349703415,"33708",2,"53453","ARCHITECT","uncover green all",1694349524132,"(54,73)","6, 18","[WHITE,WHITE,WHITE,WHITE,WHITE,WHITE,WHITE,WHITE,WHITE,WHITE,WHITE,WHITE,WHITE,WHITE,WHITE,WHITE,WHITE,WHITEWHITE,WHITE,WHITE,WHITE,WHITE,WHITE,WHITE,WHITE,WHITE,WHITE,WHITE,WHITE,WHITE,WHITE,WHITE,WHITE,WHITE,WHITEWHITE,WHITE,WHITE,WHITE,WHITE,WHITE,WHITE,WHITE,WHITE,WHITE,WHITE,WHITE,WHITE,WHITE,WHITE,WHITE,WHITE,WHITEWHITE,BLUE,WHITE,WHITE,WHITE,WHITE,RED,WHITE,WHITE,WHITE,WHITE,WHITE,GREEN,WHITE,WHITE,WHITE,WHITE,WHITEWHITE,RED,GREEN,BLUE,WHITE,WHITE,BLUE,WHITE,WHITE,WHITE,WHITE,GREEN,BLUE,WHITE,WHITE,GREEN,BLUE,BLUEGREEN,RED,RED,RED,GREEN,RED,RED,GREEN,BLUE,GREEN,BLUE,RED,BLUE,GREEN,GREEN,RED,BLUE,RED]"
"0428b217-f96b-4423-91ed-2d1f2d51b369",1694349419991,1694349703415,"33708",2,"53453","ARCHITECT","uncover green all",1694349525484,"(72,55)","6, 18","[WHITE,WHITE,WHITE,WHITE,WHITE,WHITE,WHITE,WHITE,WHITE,WHITE,WHITE,WHITE,WHITE,WHITE,WHITE,WHITE,WHITE,WHITEWHITE,WHITE,WHITE,WHITE,WHITE,WHITE,WHITE,WHITE,WHITE,WHITE,WHITE,WHITE,WHITE,WHITE,WHITE,WHITE,WHITE,WHITEWHITE,WHITE,WHITE,WHITE,WHITE,WHITE,WHITE,WHITE,WHITE,WHITE,WHITE,WHITE,WHITE,WHITE,WHITE,WHITE,WHITE,WHITEWHITE,BLUE,WHITE,WHITE,WHITE,WHITE,RED,WHITE,WHITE,WHITE,WHITE,WHITE,GREEN,WHITE,WHITE,WHITE,WHITE,WHITEWHITE,RED,GREEN,BLUE,WHITE,WHITE,BLUE,WHITE,WHITE,WHITE,WHITE,GREEN,BLUE,WHITE,WHITE,GREEN,BLUE,BLUEGREEN,RED,RED,RED,GREEN,RED,RED,GREEN,BLUE,GREEN,BLUE,RED,BLUE,GREEN,GREEN,RED,BLUE,RED]"
"0428b217-f96b-4423-91ed-2d1f2d51b369",1694349419991,1694349703415,"33708",2,"53453","ARCHITECT","uncover green all",1694349527830,"(79,60)","6, 18","[WHITE,WHITE,WHITE,WHITE,WHITE,WHITE,WHITE,WHITE,WHITE,WHITE,WHITE,WHITE,WHITE,WHITE,WHITE,WHITE,WHITE,WHITEWHITE,WHITE,WHITE,WHITE,WHITE,WHITE,WHITE,WHITE,WHITE,WHITE,WHITE,WHITE,WHITE,WHITE,WHITE,WHITE,WHITE,WHITEWHITE,WHITE,WHITE,WHITE,WHITE,WHITE,WHITE,WHITE,WHITE,WHITE,WHITE,WHITE,WHITE,WHITE,WHITE,WHITE,WHITE,WHITEWHITE,BLUE,WHITE,WHITE,WHITE,WHITE,RED,WHITE,WHITE,WHITE,WHITE,WHITE,GREEN,WHITE,WHITE,WHITE,WHITE,WHITEWHITE,RED,GREEN,BLUE,WHITE,WHITE,BLUE,WHITE,WHITE,WHITE,WHITE,GREEN,BLUE,WHITE,WHITE,GREEN,BLUE,BLUEGREEN,RED,RED,RED,GREEN,RED,RED,GREEN,BLUE,GREEN,BLUE,RED,BLUE,GREEN,GREEN,RED,BLUE,RED]"
"0428b217-f96b-4423-91ed-2d1f2d51b369",1694349419991,1694349703415,"33708",2,"53453","ARCHITECT","uncover green all",1694349529434,"(81,98)","6, 18","[WHITE,WHITE,WHITE,WHITE,WHITE,WHITE,WHITE,WHITE,WHITE,WHITE,WHITE,WHITE,WHITE,WHITE,WHITE,WHITE,WHITE,WHITEWHITE,WHITE,WHITE,WHITE,WHITE,WHITE,WHITE,WHITE,WHITE,WHITE,WHITE,WHITE,WHITE,WHITE,WHITE,WHITE,WHITE,WHITEWHITE,WHITE,WHITE,WHITE,WHITE,WHITE,WHITE,WHITE,WHITE,WHITE,WHITE,WHITE,WHITE,WHITE,WHITE,WHITE,WHITE,WHITEWHITE,BLUE,WHITE,WHITE,WHITE,WHITE,RED,WHITE,WHITE,WHITE,WHITE,WHITE,GREEN,WHITE,WHITE,WHITE,WHITE,WHITEWHITE,RED,GREEN,BLUE,WHITE,WHITE,BLUE,WHITE,WHITE,WHITE,WHITE,GREEN,BLUE,WHITE,WHITE,GREEN,BLUE,BLUEGREEN,RED,RED,RED,GREEN,RED,RED,GREEN,BLUE,GREEN,BLUE,RED,BLUE,GREEN,GREEN,RED,BLUE,RED]"
"0428b217-f96b-4423-91ed-2d1f2d51b369",1694349419991,1694349703415,"33708",2,"53453","ARCHITECT","uncover green all",1694349533065,"(67,83)","6, 18","[WHITE,WHITE,WHITE,WHITE,WHITE,WHITE,WHITE,WHITE,WHITE,WHITE,WHITE,WHITE,WHITE,WHITE,WHITE,WHITE,WHITE,WHITEWHITE,WHITE,WHITE,WHITE,WHITE,WHITE,WHITE,WHITE,WHITE,WHITE,WHITE,WHITE,WHITE,WHITE,WHITE,WHITE,WHITE,WHITEWHITE,WHITE,WHITE,WHITE,WHITE,WHITE,WHITE,WHITE,WHITE,WHITE,WHITE,WHITE,WHITE,WHITE,WHITE,WHITE,WHITE,WHITEWHITE,BLUE,WHITE,WHITE,WHITE,WHITE,RED,WHITE,WHITE,WHITE,WHITE,WHITE,GREEN,WHITE,WHITE,WHITE,WHITE,WHITEWHITE,RED,GREEN,BLUE,WHITE,WHITE,BLUE,WHITE,WHITE,WHITE,WHITE,GREEN,BLUE,WHITE,WHITE,GREEN,BLUE,BLUEGREEN,RED,RED,RED,GREEN,RED,RED,GREEN,BLUE,GREEN,BLUE,RED,BLUE,GREEN,GREEN,RED,BLUE,RED]"
"0428b217-f96b-4423-91ed-2d1f2d51b369",1694349419991,1694349703415,"33708",2,"53453","ARCHITECT","uncover green all",1694349534477,"(85,100)","6, 18","[WHITE,WHITE,WHITE,WHITE,WHITE,WHITE,WHITE,WHITE,WHITE,WHITE,WHITE,WHITE,WHITE,WHITE,WHITE,WHITE,WHITE,WHITEWHITE,WHITE,WHITE,WHITE,WHITE,WHITE,WHITE,WHITE,WHITE,WHITE,WHITE,WHITE,WHITE,WHITE,WHITE,WHITE,WHITE,WHITEWHITE,WHITE,WHITE,WHITE,WHITE,WHITE,WHITE,WHITE,WHITE,WHITE,WHITE,WHITE,WHITE,WHITE,WHITE,WHITE,WHITE,WHITEWHITE,BLUE,WHITE,WHITE,WHITE,WHITE,RED,WHITE,WHITE,WHITE,WHITE,WHITE,GREEN,WHITE,WHITE,WHITE,WHITE,WHITEWHITE,RED,GREEN,BLUE,WHITE,WHITE,BLUE,WHITE,WHITE,WHITE,WHITE,GREEN,BLUE,WHITE,WHITE,GREEN,BLUE,BLUEGREEN,RED,RED,RED,GREEN,RED,RED,GREEN,BLUE,GREEN,BLUE,RED,BLUE,GREEN,GREEN,RED,BLUE,RED]"
"0428b217-f96b-4423-91ed-2d1f2d51b369",1694349419991,1694349703415,"33708",3,"53453","ARCHITECT","move blue A1",1694349541545,"(75,73)","6, 18","[WHITE,WHITE,WHITE,WHITE,WHITE,WHITE,WHITE,WHITE,WHITE,WHITE,WHITE,WHITE,WHITE,WHITE,WHITE,WHITE,WHITE,WHITEBLUE,BLUE,BLUE,WHITE,WHITE,WHITE,WHITE,WHITE,WHITE,WHITE,WHITE,WHITE,WHITE,WHITE,WHITE,WHITE,WHITE,WHITEBLUE,BLUE,BLUE,WHITE,WHITE,WHITE,WHITE,WHITE,WHITE,WHITE,WHITE,WHITE,WHITE,WHITE,WHITE,WHITE,WHITE,WHITERED,BLUE,BLUE,WHITE,WHITE,WHITE,WHITE,WHITE,WHITE,WHITE,WHITE,GREEN,WHITE,WHITE,WHITE,WHITE,WHITE,WHITEBLUE,BLUE,GREEN,WHITE,WHITE,WHITE,WHITE,RED,WHITE,WHITE,WHITE,GREEN,WHITE,WHITE,WHITE,GREEN,WHITE,WHITEGREEN,RED,RED,RED,GREEN,RED,RED,GREEN,WHITE,GREEN,WHITE,RED,WHITE,GREEN,GREEN,RED,WHITE,RED]"
"0428b217-f96b-4423-91ed-2d1f2d51b369",1694349419991,1694349703415,"33708",3,"53453","ARCHITECT","move blue A1",1694349542505,"(78,55)","6, 18","[WHITE,WHITE,WHITE,WHITE,WHITE,WHITE,WHITE,WHITE,WHITE,WHITE,WHITE,WHITE,WHITE,WHITE,WHITE,WHITE,WHITE,WHITEBLUE,BLUE,BLUE,WHITE,WHITE,WHITE,WHITE,WHITE,WHITE,WHITE,WHITE,WHITE,WHITE,WHITE,WHITE,WHITE,WHITE,WHITEBLUE,BLUE,BLUE,WHITE,WHITE,WHITE,WHITE,WHITE,WHITE,WHITE,WHITE,WHITE,WHITE,WHITE,WHITE,WHITE,WHITE,WHITERED,BLUE,BLUE,WHITE,WHITE,WHITE,WHITE,WHITE,WHITE,WHITE,WHITE,GREEN,WHITE,WHITE,WHITE,WHITE,WHITE,WHITEBLUE,BLUE,GREEN,WHITE,WHITE,WHITE,WHITE,RED,WHITE,WHITE,WHITE,GREEN,WHITE,WHITE,WHITE,GREEN,WHITE,WHITEGREEN,RED,RED,RED,GREEN,RED,RED,GREEN,WHITE,GREEN,WHITE,RED,WHITE,GREEN,GREEN,RED,WHITE,RED]"
"0428b217-f96b-4423-91ed-2d1f2d51b369",1694349419991,1694349703415,"33708",3,"53453","ARCHITECT","move blue A1",1694349543895,"(81,56)","6, 18","[WHITE,WHITE,WHITE,WHITE,WHITE,WHITE,WHITE,WHITE,WHITE,WHITE,WHITE,WHITE,WHITE,WHITE,WHITE,WHITE,WHITE,WHITEBLUE,BLUE,BLUE,WHITE,WHITE,WHITE,WHITE,WHITE,WHITE,WHITE,WHITE,WHITE,WHITE,WHITE,WHITE,WHITE,WHITE,WHITEBLUE,BLUE,BLUE,WHITE,WHITE,WHITE,WHITE,WHITE,WHITE,WHITE,WHITE,WHITE,WHITE,WHITE,WHITE,WHITE,WHITE,WHITERED,BLUE,BLUE,WHITE,WHITE,WHITE,WHITE,WHITE,WHITE,WHITE,WHITE,GREEN,WHITE,WHITE,WHITE,WHITE,WHITE,WHITEBLUE,BLUE,GREEN,WHITE,WHITE,WHITE,WHITE,RED,WHITE,WHITE,WHITE,GREEN,WHITE,WHITE,WHITE,GREEN,WHITE,WHITEGREEN,RED,RED,RED,GREEN,RED,RED,GREEN,WHITE,GREEN,WHITE,RED,WHITE,GREEN,GREEN,RED,WHITE,RED]"
"0428b217-f96b-4423-91ed-2d1f2d51b369",1694349419991,1694349703415,"33708",3,"53453","ARCHITECT","move blue A1",1694349546564,"(88,38)","6, 18","[WHITE,WHITE,WHITE,WHITE,WHITE,WHITE,WHITE,WHITE,WHITE,WHITE,WHITE,WHITE,WHITE,WHITE,WHITE,WHITE,WHITE,WHITEBLUE,BLUE,BLUE,WHITE,WHITE,WHITE,WHITE,WHITE,WHITE,WHITE,WHITE,WHITE,WHITE,WHITE,WHITE,WHITE,WHITE,WHITEBLUE,BLUE,BLUE,WHITE,WHITE,WHITE,WHITE,WHITE,WHITE,WHITE,WHITE,WHITE,WHITE,WHITE,WHITE,WHITE,WHITE,WHITERED,BLUE,BLUE,WHITE,WHITE,WHITE,WHITE,WHITE,WHITE,WHITE,WHITE,GREEN,WHITE,WHITE,WHITE,WHITE,WHITE,WHITEBLUE,BLUE,GREEN,WHITE,WHITE,WHITE,WHITE,RED,WHITE,WHITE,WHITE,GREEN,WHITE,WHITE,WHITE,GREEN,WHITE,WHITEGREEN,RED,RED,RED,GREEN,RED,RED,GREEN,WHITE,GREEN,WHITE,RED,WHITE,GREEN,GREEN,RED,WHITE,RED]"
"0428b217-f96b-4423-91ed-2d1f2d51b369",1694349419991,1694349703415,"33708",3,"53453","ARCHITECT","move blue A1",1694349548260,"(89,20)","6, 18","[WHITE,WHITE,WHITE,WHITE,WHITE,WHITE,WHITE,WHITE,WHITE,WHITE,WHITE,WHITE,WHITE,WHITE,WHITE,WHITE,WHITE,WHITEBLUE,BLUE,BLUE,WHITE,WHITE,WHITE,WHITE,WHITE,WHITE,WHITE,WHITE,WHITE,WHITE,WHITE,WHITE,WHITE,WHITE,WHITEBLUE,BLUE,BLUE,WHITE,WHITE,WHITE,WHITE,WHITE,WHITE,WHITE,WHITE,WHITE,WHITE,WHITE,WHITE,WHITE,WHITE,WHITERED,BLUE,BLUE,WHITE,WHITE,WHITE,WHITE,WHITE,WHITE,WHITE,WHITE,GREEN,WHITE,WHITE,WHITE,WHITE,WHITE,WHITEBLUE,BLUE,GREEN,WHITE,WHITE,WHITE,WHITE,RED,WHITE,WHITE,WHITE,GREEN,WHITE,WHITE,WHITE,GREEN,WHITE,WHITEGREEN,RED,RED,RED,GREEN,RED,RED,GREEN,WHITE,GREEN,WHITE,RED,WHITE,GREEN,GREEN,RED,WHITE,RED]"
"0428b217-f96b-4423-91ed-2d1f2d51b369",1694349419991,1694349703415,"33708",3,"53453","ARCHITECT","move blue A1",1694349549777,"(106,37)","6, 18","[WHITE,WHITE,WHITE,WHITE,WHITE,WHITE,WHITE,WHITE,WHITE,WHITE,WHITE,WHITE,WHITE,WHITE,WHITE,WHITE,WHITE,WHITEBLUE,BLUE,BLUE,WHITE,WHITE,WHITE,WHITE,WHITE,WHITE,WHITE,WHITE,WHITE,WHITE,WHITE,WHITE,WHITE,WHITE,WHITEBLUE,BLUE,BLUE,WHITE,WHITE,WHITE,WHITE,WHITE,WHITE,WHITE,WHITE,WHITE,WHITE,WHITE,WHITE,WHITE,WHITE,WHITERED,BLUE,BLUE,WHITE,WHITE,WHITE,WHITE,WHITE,WHITE,WHITE,WHITE,GREEN,WHITE,WHITE,WHITE,WHITE,WHITE,WHITEBLUE,BLUE,GREEN,WHITE,WHITE,WHITE,WHITE,RED,WHITE,WHITE,WHITE,GREEN,WHITE,WHITE,WHITE,GREEN,WHITE,WHITEGREEN,RED,RED,RED,GREEN,RED,RED,GREEN,WHITE,GREEN,WHITE,RED,WHITE,GREEN,GREEN,RED,WHITE,RED]"
"0428b217-f96b-4423-91ed-2d1f2d51b369",1694349419991,1694349703415,"33708",3,"53453","ARCHITECT","move blue A1",1694349551278,"(66,83)","6, 18","[WHITE,WHITE,WHITE,WHITE,WHITE,WHITE,WHITE,WHITE,WHITE,WHITE,WHITE,WHITE,WHITE,WHITE,WHITE,WHITE,WHITE,WHITEBLUE,BLUE,BLUE,WHITE,WHITE,WHITE,WHITE,WHITE,WHITE,WHITE,WHITE,WHITE,WHITE,WHITE,WHITE,WHITE,WHITE,WHITEBLUE,BLUE,BLUE,WHITE,WHITE,WHITE,WHITE,WHITE,WHITE,WHITE,WHITE,WHITE,WHITE,WHITE,WHITE,WHITE,WHITE,WHITERED,BLUE,BLUE,WHITE,WHITE,WHITE,WHITE,WHITE,WHITE,WHITE,WHITE,GREEN,WHITE,WHITE,WHITE,WHITE,WHITE,WHITEBLUE,BLUE,GREEN,WHITE,WHITE,WHITE,WHITE,RED,WHITE,WHITE,WHITE,GREEN,WHITE,WHITE,WHITE,GREEN,WHITE,WHITEGREEN,RED,RED,RED,GREEN,RED,RED,GREEN,WHITE,GREEN,WHITE,RED,WHITE,GREEN,GREEN,RED,WHITE,RED]"
"0428b217-f96b-4423-91ed-2d1f2d51b369",1694349419991,1694349703415,"33708",3,"53453","ARCHITECT","move blue A1",1694349552303,"(84,19)","6, 18","[WHITE,WHITE,WHITE,WHITE,WHITE,WHITE,WHITE,WHITE,WHITE,WHITE,WHITE,WHITE,WHITE,WHITE,WHITE,WHITE,WHITE,WHITEBLUE,BLUE,BLUE,WHITE,WHITE,WHITE,WHITE,WHITE,WHITE,WHITE,WHITE,WHITE,WHITE,WHITE,WHITE,WHITE,WHITE,WHITEBLUE,BLUE,BLUE,WHITE,WHITE,WHITE,WHITE,WHITE,WHITE,WHITE,WHITE,WHITE,WHITE,WHITE,WHITE,WHITE,WHITE,WHITERED,BLUE,BLUE,WHITE,WHITE,WHITE,WHITE,WHITE,WHITE,WHITE,WHITE,GREEN,WHITE,WHITE,WHITE,WHITE,WHITE,WHITEBLUE,BLUE,GREEN,WHITE,WHITE,WHITE,WHITE,RED,WHITE,WHITE,WHITE,GREEN,WHITE,WHITE,WHITE,GREEN,WHITE,WHITEGREEN,RED,RED,RED,GREEN,RED,RED,GREEN,WHITE,GREEN,WHITE,RED,WHITE,GREEN,GREEN,RED,WHITE,RED]"
"0428b217-f96b-4423-91ed-2d1f2d51b369",1694349419991,1694349703415,"33708",3,"53453","ARCHITECT","move blue A1",1694349553516,"(67,65)","6, 18","[WHITE,WHITE,WHITE,WHITE,WHITE,WHITE,WHITE,WHITE,WHITE,WHITE,WHITE,WHITE,WHITE,WHITE,WHITE,WHITE,WHITE,WHITEBLUE,BLUE,BLUE,WHITE,WHITE,WHITE,WHITE,WHITE,WHITE,WHITE,WHITE,WHITE,WHITE,WHITE,WHITE,WHITE,WHITE,WHITEBLUE,BLUE,BLUE,WHITE,WHITE,WHITE,WHITE,WHITE,WHITE,WHITE,WHITE,WHITE,WHITE,WHITE,WHITE,WHITE,WHITE,WHITERED,BLUE,BLUE,WHITE,WHITE,WHITE,WHITE,WHITE,WHITE,WHITE,WHITE,GREEN,WHITE,WHITE,WHITE,WHITE,WHITE,WHITEBLUE,BLUE,GREEN,WHITE,WHITE,WHITE,WHITE,RED,WHITE,WHITE,WHITE,GREEN,WHITE,WHITE,WHITE,GREEN,WHITE,WHITEGREEN,RED,RED,RED,GREEN,RED,RED,GREEN,WHITE,GREEN,WHITE,RED,WHITE,GREEN,GREEN,RED,WHITE,RED]"
"0428b217-f96b-4423-91ed-2d1f2d51b369",1694349419991,1694349703415,"33708",3,"53453","ARCHITECT","move blue A1",1694349555020,"(85,36)","6, 18","[WHITE,WHITE,WHITE,WHITE,WHITE,WHITE,WHITE,WHITE,WHITE,WHITE,WHITE,WHITE,WHITE,WHITE,WHITE,WHITE,WHITE,WHITEBLUE,BLUE,BLUE,WHITE,WHITE,WHITE,WHITE,WHITE,WHITE,WHITE,WHITE,WHITE,WHITE,WHITE,WHITE,WHITE,WHITE,WHITEBLUE,BLUE,BLUE,WHITE,WHITE,WHITE,WHITE,WHITE,WHITE,WHITE,WHITE,WHITE,WHITE,WHITE,WHITE,WHITE,WHITE,WHITERED,BLUE,BLUE,WHITE,WHITE,WHITE,WHITE,WHITE,WHITE,WHITE,WHITE,GREEN,WHITE,WHITE,WHITE,WHITE,WHITE,WHITEBLUE,BLUE,GREEN,WHITE,WHITE,WHITE,WHITE,RED,WHITE,WHITE,WHITE,GREEN,WHITE,WHITE,WHITE,GREEN,WHITE,WHITEGREEN,RED,RED,RED,GREEN,RED,RED,GREEN,WHITE,GREEN,WHITE,RED,WHITE,GREEN,GREEN,RED,WHITE,RED]"
"0428b217-f96b-4423-91ed-2d1f2d51b369",1694349419991,1694349703415,"33708",3,"53453","ARCHITECT","move blue A1",1694349556847,"(102,18)","6, 18","[WHITE,WHITE,WHITE,WHITE,WHITE,WHITE,WHITE,WHITE,WHITE,WHITE,WHITE,WHITE,WHITE,WHITE,WHITE,WHITE,WHITE,WHITEBLUE,BLUE,BLUE,WHITE,WHITE,WHITE,WHITE,WHITE,WHITE,WHITE,WHITE,WHITE,WHITE,WHITE,WHITE,WHITE,WHITE,WHITEBLUE,BLUE,BLUE,WHITE,WHITE,WHITE,WHITE,WHITE,WHITE,WHITE,WHITE,WHITE,WHITE,WHITE,WHITE,WHITE,WHITE,WHITERED,BLUE,BLUE,WHITE,WHITE,WHITE,WHITE,WHITE,WHITE,WHITE,WHITE,GREEN,WHITE,WHITE,WHITE,WHITE,WHITE,WHITEBLUE,BLUE,GREEN,WHITE,WHITE,WHITE,WHITE,RED,WHITE,WHITE,WHITE,GREEN,WHITE,WHITE,WHITE,GREEN,WHITE,WHITEGREEN,RED,RED,RED,GREEN,RED,RED,GREEN,WHITE,GREEN,WHITE,RED,WHITE,GREEN,GREEN,RED,WHITE,RED]"
"0428b217-f96b-4423-91ed-2d1f2d51b369",1694349419991,1694349703415,"33708",4,"53453","ARCHITECT","clear nocolor A",1694349565104,"(74,61)","6, 18","[WHITE,WHITE,WHITE,WHITE,WHITE,WHITE,GREEN,WHITE,WHITE,WHITE,WHITE,WHITE,WHITE,WHITE,WHITE,WHITE,WHITE,WHITEWHITE,WHITE,WHITE,WHITE,WHITE,WHITE,BLUE,WHITE,WHITE,WHITE,WHITE,WHITE,WHITE,WHITE,WHITE,WHITE,WHITE,WHITEWHITE,WHITE,WHITE,WHITE,WHITE,WHITE,GREEN,BLUE,RED,WHITE,WHITE,WHITE,WHITE,WHITE,WHITE,WHITE,WHITE,WHITEWHITE,WHITE,WHITE,WHITE,WHITE,WHITE,RED,GREEN,RED,WHITE,WHITE,WHITE,GREEN,GREEN,WHITE,WHITE,WHITE,WHITEWHITE,WHITE,WHITE,WHITE,WHITE,WHITE,BLUE,RED,RED,BLUE,WHITE,WHITE,BLUE,BLUE,WHITE,GREEN,BLUE,BLUEWHITE,WHITE,WHITE,WHITE,WHITE,WHITE,RED,GREEN,RED,GREEN,WHITE,RED,BLUE,GREEN,GREEN,RED,BLUE,RED]"
"0428b217-f96b-4423-91ed-2d1f2d51b369",1694349419991,1694349703415,"33708",4,"53453","ARCHITECT","clear nocolor A",1694349566511,"(95,60)","6, 18","[WHITE,WHITE,WHITE,WHITE,WHITE,WHITE,GREEN,WHITE,WHITE,WHITE,WHITE,WHITE,WHITE,WHITE,WHITE,WHITE,WHITE,WHITEWHITE,WHITE,WHITE,WHITE,WHITE,WHITE,BLUE,WHITE,WHITE,WHITE,WHITE,WHITE,WHITE,WHITE,WHITE,WHITE,WHITE,WHITEWHITE,WHITE,WHITE,WHITE,WHITE,WHITE,GREEN,BLUE,RED,WHITE,WHITE,WHITE,WHITE,WHITE,WHITE,WHITE,WHITE,WHITEWHITE,WHITE,WHITE,WHITE,WHITE,WHITE,RED,GREEN,RED,WHITE,WHITE,WHITE,GREEN,GREEN,WHITE,WHITE,WHITE,WHITEWHITE,WHITE,WHITE,WHITE,WHITE,WHITE,BLUE,RED,RED,BLUE,WHITE,WHITE,BLUE,BLUE,WHITE,GREEN,BLUE,BLUEWHITE,WHITE,WHITE,WHITE,WHITE,WHITE,RED,GREEN,RED,GREEN,WHITE,RED,BLUE,GREEN,GREEN,RED,BLUE,RED]"
"0428b217-f96b-4423-91ed-2d1f2d51b369",1694349419991,1694349703415,"33708",4,"53453","ARCHITECT","clear nocolor A",1694349567610,"(94,42)","6, 18","[WHITE,WHITE,WHITE,WHITE,WHITE,WHITE,GREEN,WHITE,WHITE,WHITE,WHITE,WHITE,WHITE,WHITE,WHITE,WHITE,WHITE,WHITEWHITE,WHITE,WHITE,WHITE,WHITE,WHITE,BLUE,WHITE,WHITE,WHITE,WHITE,WHITE,WHITE,WHITE,WHITE,WHITE,WHITE,WHITEWHITE,WHITE,WHITE,WHITE,WHITE,WHITE,GREEN,BLUE,RED,WHITE,WHITE,WHITE,WHITE,WHITE,WHITE,WHITE,WHITE,WHITEWHITE,WHITE,WHITE,WHITE,WHITE,WHITE,RED,GREEN,RED,WHITE,WHITE,WHITE,GREEN,GREEN,WHITE,WHITE,WHITE,WHITEWHITE,WHITE,WHITE,WHITE,WHITE,WHITE,BLUE,RED,RED,BLUE,WHITE,WHITE,BLUE,BLUE,WHITE,GREEN,BLUE,BLUEWHITE,WHITE,WHITE,WHITE,WHITE,WHITE,RED,GREEN,RED,GREEN,WHITE,RED,BLUE,GREEN,GREEN,RED,BLUE,RED]"
"0428b217-f96b-4423-91ed-2d1f2d51b369",1694349419991,1694349703415,"33708",4,"53453","ARCHITECT","clear nocolor A",1694349568740,"(75,43)","6, 18","[WHITE,WHITE,WHITE,WHITE,WHITE,WHITE,GREEN,WHITE,WHITE,WHITE,WHITE,WHITE,WHITE,WHITE,WHITE,WHITE,WHITE,WHITEWHITE,WHITE,WHITE,WHITE,WHITE,WHITE,BLUE,WHITE,WHITE,WHITE,WHITE,WHITE,WHITE,WHITE,WHITE,WHITE,WHITE,WHITEWHITE,WHITE,WHITE,WHITE,WHITE,WHITE,GREEN,BLUE,RED,WHITE,WHITE,WHITE,WHITE,WHITE,WHITE,WHITE,WHITE,WHITEWHITE,WHITE,WHITE,WHITE,WHITE,WHITE,RED,GREEN,RED,WHITE,WHITE,WHITE,GREEN,GREEN,WHITE,WHITE,WHITE,WHITEWHITE,WHITE,WHITE,WHITE,WHITE,WHITE,BLUE,RED,RED,BLUE,WHITE,WHITE,BLUE,BLUE,WHITE,GREEN,BLUE,BLUEWHITE,WHITE,WHITE,WHITE,WHITE,WHITE,RED,GREEN,RED,GREEN,WHITE,RED,BLUE,GREEN,GREEN,RED,BLUE,RED]"
"0428b217-f96b-4423-91ed-2d1f2d51b369",1694349419991,1694349703415,"33708",4,"53453","ARCHITECT","clear nocolor A",1694349569880,"(93,98)","6, 18","[WHITE,WHITE,WHITE,WHITE,WHITE,WHITE,GREEN,WHITE,WHITE,WHITE,WHITE,WHITE,WHITE,WHITE,WHITE,WHITE,WHITE,WHITEWHITE,WHITE,WHITE,WHITE,WHITE,WHITE,BLUE,WHITE,WHITE,WHITE,WHITE,WHITE,WHITE,WHITE,WHITE,WHITE,WHITE,WHITEWHITE,WHITE,WHITE,WHITE,WHITE,WHITE,GREEN,BLUE,RED,WHITE,WHITE,WHITE,WHITE,WHITE,WHITE,WHITE,WHITE,WHITEWHITE,WHITE,WHITE,WHITE,WHITE,WHITE,RED,GREEN,RED,WHITE,WHITE,WHITE,GREEN,GREEN,WHITE,WHITE,WHITE,WHITEWHITE,WHITE,WHITE,WHITE,WHITE,WHITE,BLUE,RED,RED,BLUE,WHITE,WHITE,BLUE,BLUE,WHITE,GREEN,BLUE,BLUEWHITE,WHITE,WHITE,WHITE,WHITE,WHITE,RED,GREEN,RED,GREEN,WHITE,RED,BLUE,GREEN,GREEN,RED,BLUE,RED]"
"0428b217-f96b-4423-91ed-2d1f2d51b369",1694349419991,1694349703415,"33708",4,"53453","ARCHITECT","clear nocolor A",1694349571103,"(92,80)","6, 18","[WHITE,WHITE,WHITE,WHITE,WHITE,WHITE,GREEN,WHITE,WHITE,WHITE,WHITE,WHITE,WHITE,WHITE,WHITE,WHITE,WHITE,WHITEWHITE,WHITE,WHITE,WHITE,WHITE,WHITE,BLUE,WHITE,WHITE,WHITE,WHITE,WHITE,WHITE,WHITE,WHITE,WHITE,WHITE,WHITEWHITE,WHITE,WHITE,WHITE,WHITE,WHITE,GREEN,BLUE,RED,WHITE,WHITE,WHITE,WHITE,WHITE,WHITE,WHITE,WHITE,WHITEWHITE,WHITE,WHITE,WHITE,WHITE,WHITE,RED,GREEN,RED,WHITE,WHITE,WHITE,GREEN,GREEN,WHITE,WHITE,WHITE,WHITEWHITE,WHITE,WHITE,WHITE,WHITE,WHITE,BLUE,RED,RED,BLUE,WHITE,WHITE,BLUE,BLUE,WHITE,GREEN,BLUE,BLUEWHITE,WHITE,WHITE,WHITE,WHITE,WHITE,RED,GREEN,RED,GREEN,WHITE,RED,BLUE,GREEN,GREEN,RED,BLUE,RED]"
"0428b217-f96b-4423-91ed-2d1f2d51b369",1694349419991,1694349703415,"33708",4,"53453","ARCHITECT","clear nocolor A",1694349572296,"(91,62)","6, 18","[WHITE,WHITE,WHITE,WHITE,WHITE,WHITE,GREEN,WHITE,WHITE,WHITE,WHITE,WHITE,WHITE,WHITE,WHITE,WHITE,WHITE,WHITEWHITE,WHITE,WHITE,WHITE,WHITE,WHITE,BLUE,WHITE,WHITE,WHITE,WHITE,WHITE,WHITE,WHITE,WHITE,WHITE,WHITE,WHITEWHITE,WHITE,WHITE,WHITE,WHITE,WHITE,GREEN,BLUE,RED,WHITE,WHITE,WHITE,WHITE,WHITE,WHITE,WHITE,WHITE,WHITEWHITE,WHITE,WHITE,WHITE,WHITE,WHITE,RED,GREEN,RED,WHITE,WHITE,WHITE,GREEN,GREEN,WHITE,WHITE,WHITE,WHITEWHITE,WHITE,WHITE,WHITE,WHITE,WHITE,BLUE,RED,RED,BLUE,WHITE,WHITE,BLUE,BLUE,WHITE,GREEN,BLUE,BLUEWHITE,WHITE,WHITE,WHITE,WHITE,WHITE,RED,GREEN,RED,GREEN,WHITE,RED,BLUE,GREEN,GREEN,RED,BLUE,RED]"
"0428b217-f96b-4423-91ed-2d1f2d51b369",1694349419991,1694349703415,"33708",4,"53453","ARCHITECT","clear nocolor A",1694349573550,"(54,44)","6, 18","[WHITE,WHITE,WHITE,WHITE,WHITE,WHITE,GREEN,WHITE,WHITE,WHITE,WHITE,WHITE,WHITE,WHITE,WHITE,WHITE,WHITE,WHITEWHITE,WHITE,WHITE,WHITE,WHITE,WHITE,BLUE,WHITE,WHITE,WHITE,WHITE,WHITE,WHITE,WHITE,WHITE,WHITE,WHITE,WHITEWHITE,WHITE,WHITE,WHITE,WHITE,WHITE,GREEN,BLUE,RED,WHITE,WHITE,WHITE,WHITE,WHITE,WHITE,WHITE,WHITE,WHITEWHITE,WHITE,WHITE,WHITE,WHITE,WHITE,RED,GREEN,RED,WHITE,WHITE,WHITE,GREEN,GREEN,WHITE,WHITE,WHITE,WHITEWHITE,WHITE,WHITE,WHITE,WHITE,WHITE,BLUE,RED,RED,BLUE,WHITE,WHITE,BLUE,BLUE,WHITE,GREEN,BLUE,BLUEWHITE,WHITE,WHITE,WHITE,WHITE,WHITE,RED,GREEN,RED,GREEN,WHITE,RED,BLUE,GREEN,GREEN,RED,BLUE,RED]"
"0428b217-f96b-4423-91ed-2d1f2d51b369",1694349419991,1694349703415,"33708",4,"53453","ARCHITECT","clear nocolor A",1694349574813,"(72,24)","6, 18","[WHITE,WHITE,WHITE,WHITE,WHITE,WHITE,GREEN,WHITE,WHITE,WHITE,WHITE,WHITE,WHITE,WHITE,WHITE,WHITE,WHITE,WHITEWHITE,WHITE,WHITE,WHITE,WHITE,WHITE,BLUE,WHITE,WHITE,WHITE,WHITE,WHITE,WHITE,WHITE,WHITE,WHITE,WHITE,WHITEWHITE,WHITE,WHITE,WHITE,WHITE,WHITE,GREEN,BLUE,RED,WHITE,WHITE,WHITE,WHITE,WHITE,WHITE,WHITE,WHITE,WHITEWHITE,WHITE,WHITE,WHITE,WHITE,WHITE,RED,GREEN,RED,WHITE,WHITE,WHITE,GREEN,GREEN,WHITE,WHITE,WHITE,WHITEWHITE,WHITE,WHITE,WHITE,WHITE,WHITE,BLUE,RED,RED,BLUE,WHITE,WHITE,BLUE,BLUE,WHITE,GREEN,BLUE,BLUEWHITE,WHITE,WHITE,WHITE,WHITE,WHITE,RED,GREEN,RED,GREEN,WHITE,RED,BLUE,GREEN,GREEN,RED,BLUE,RED]"
"0428b217-f96b-4423-91ed-2d1f2d51b369",1694349419991,1694349703415,"33708",4,"53453","ARCHITECT","clear nocolor A",1694349576139,"(90,6)","6, 18","[WHITE,WHITE,WHITE,WHITE,WHITE,WHITE,GREEN,WHITE,WHITE,WHITE,WHITE,WHITE,WHITE,WHITE,WHITE,WHITE,WHITE,WHITEWHITE,WHITE,WHITE,WHITE,WHITE,WHITE,BLUE,WHITE,WHITE,WHITE,WHITE,WHITE,WHITE,WHITE,WHITE,WHITE,WHITE,WHITEWHITE,WHITE,WHITE,WHITE,WHITE,WHITE,GREEN,BLUE,RED,WHITE,WHITE,WHITE,WHITE,WHITE,WHITE,WHITE,WHITE,WHITEWHITE,WHITE,WHITE,WHITE,WHITE,WHITE,RED,GREEN,RED,WHITE,WHITE,WHITE,GREEN,GREEN,WHITE,WHITE,WHITE,WHITEWHITE,WHITE,WHITE,WHITE,WHITE,WHITE,BLUE,RED,RED,BLUE,WHITE,WHITE,BLUE,BLUE,WHITE,GREEN,BLUE,BLUEWHITE,WHITE,WHITE,WHITE,WHITE,WHITE,RED,GREEN,RED,GREEN,WHITE,RED,BLUE,GREEN,GREEN,RED,BLUE,RED]"
"0428b217-f96b-4423-91ed-2d1f2d51b369",1694349419991,1694349703415,"33708",5,"53453","ARCHITECT","cover green all",1694349584636,"(54,56)","6, 18","[WHITE,WHITE,WHITE,WHITE,WHITE,WHITE,WHITE,WHITE,WHITE,WHITE,WHITE,WHITE,WHITE,WHITE,WHITE,WHITE,WHITE,WHITEWHITE,WHITE,WHITE,WHITE,WHITE,WHITE,WHITE,WHITE,WHITE,WHITE,WHITE,WHITE,WHITE,WHITE,WHITE,WHITE,WHITE,WHITEWHITE,WHITE,WHITE,WHITE,WHITE,WHITE,WHITE,WHITE,WHITE,WHITE,WHITE,WHITE,RED,BLUE,WHITE,WHITE,WHITE,WHITEWHITE,WHITE,RED,WHITE,WHITE,WHITE,WHITE,WHITE,WHITE,WHITE,WHITE,WHITE,GREEN,GREEN,WHITE,BLUE,WHITE,WHITEBLUE,WHITE,GREEN,WHITE,BLUE,WHITE,BLUE,RED,WHITE,BLUE,WHITE,WHITE,BLUE,BLUE,BLUE,GREEN,WHITE,WHITEGREEN,RED,RED,RED,GREEN,RED,RED,GREEN,WHITE,GREEN,WHITE,WHITE,BLUE,GREEN,GREEN,RED,WHITE,RED]"
"0428b217-f96b-4423-91ed-2d1f2d51b369",1694349419991,1694349703415,"33708",5,"53453","ARCHITECT","cover green all",1694349585642,"(75,76)","6, 18","[WHITE,WHITE,WHITE,WHITE,WHITE,WHITE,WHITE,WHITE,WHITE,WHITE,WHITE,WHITE,WHITE,WHITE,WHITE,WHITE,WHITE,WHITEWHITE,WHITE,WHITE,WHITE,WHITE,WHITE,WHITE,WHITE,WHITE,WHITE,WHITE,WHITE,WHITE,WHITE,WHITE,WHITE,WHITE,WHITEWHITE,WHITE,WHITE,WHITE,WHITE,WHITE,WHITE,WHITE,WHITE,WHITE,WHITE,WHITE,RED,BLUE,WHITE,WHITE,WHITE,WHITEWHITE,WHITE,RED,WHITE,WHITE,WHITE,WHITE,WHITE,WHITE,WHITE,WHITE,WHITE,GREEN,GREEN,WHITE,BLUE,WHITE,WHITEBLUE,WHITE,GREEN,WHITE,BLUE,WHITE,BLUE,RED,WHITE,BLUE,WHITE,WHITE,BLUE,BLUE,BLUE,GREEN,WHITE,WHITEGREEN,RED,RED,RED,GREEN,RED,RED,GREEN,WHITE,GREEN,WHITE,WHITE,BLUE,GREEN,GREEN,RED,WHITE,RED]"
"0428b217-f96b-4423-91ed-2d1f2d51b369",1694349419991,1694349703415,"33708",5,"53453","ARCHITECT","cover green all",1694349588632,"(101,48)","6, 18","[WHITE,WHITE,WHITE,WHITE,WHITE,WHITE,WHITE,WHITE,WHITE,WHITE,WHITE,WHITE,WHITE,WHITE,WHITE,WHITE,WHITE,WHITEWHITE,WHITE,WHITE,WHITE,WHITE,WHITE,WHITE,WHITE,WHITE,WHITE,WHITE,WHITE,WHITE,WHITE,WHITE,WHITE,WHITE,WHITEWHITE,WHITE,WHITE,WHITE,WHITE,WHITE,WHITE,WHITE,WHITE,WHITE,WHITE,WHITE,RED,BLUE,WHITE,WHITE,WHITE,WHITEWHITE,WHITE,RED,WHITE,WHITE,WHITE,WHITE,WHITE,WHITE,WHITE,WHITE,WHITE,GREEN,GREEN,WHITE,BLUE,WHITE,WHITEBLUE,WHITE,GREEN,WHITE,BLUE,WHITE,BLUE,RED,WHITE,BLUE,WHITE,WHITE,BLUE,BLUE,BLUE,GREEN,WHITE,WHITEGREEN,RED,RED,RED,GREEN,RED,RED,GREEN,WHITE,GREEN,WHITE,WHITE,BLUE,GREEN,GREEN,RED,WHITE,RED]"
"0428b217-f96b-4423-91ed-2d1f2d51b369",1694349419991,1694349703415,"33708",5,"53453","ARCHITECT","cover green all",1694349591300,"(88,49)","6, 18","[WHITE,WHITE,WHITE,WHITE,WHITE,WHITE,WHITE,WHITE,WHITE,WHITE,WHITE,WHITE,WHITE,WHITE,WHITE,WHITE,WHITE,WHITEWHITE,WHITE,WHITE,WHITE,WHITE,WHITE,WHITE,WHITE,WHITE,WHITE,WHITE,WHITE,WHITE,WHITE,WHITE,WHITE,WHITE,WHITEWHITE,WHITE,WHITE,WHITE,WHITE,WHITE,WHITE,WHITE,WHITE,WHITE,WHITE,WHITE,RED,BLUE,WHITE,WHITE,WHITE,WHITEWHITE,WHITE,RED,WHITE,WHITE,WHITE,WHITE,WHITE,WHITE,WHITE,WHITE,WHITE,GREEN,GREEN,WHITE,BLUE,WHITE,WHITEBLUE,WHITE,GREEN,WHITE,BLUE,WHITE,BLUE,RED,WHITE,BLUE,WHITE,WHITE,BLUE,BLUE,BLUE,GREEN,WHITE,WHITEGREEN,RED,RED,RED,GREEN,RED,RED,GREEN,WHITE,GREEN,WHITE,WHITE,BLUE,GREEN,GREEN,RED,WHITE,RED]"
"0428b217-f96b-4423-91ed-2d1f2d51b369",1694349419991,1694349703415,"33708",5,"53453","ARCHITECT","cover green all",1694349593146,"(106,69)","6, 18","[WHITE,WHITE,WHITE,WHITE,WHITE,WHITE,WHITE,WHITE,WHITE,WHITE,WHITE,WHITE,WHITE,WHITE,WHITE,WHITE,WHITE,WHITEWHITE,WHITE,WHITE,WHITE,WHITE,WHITE,WHITE,WHITE,WHITE,WHITE,WHITE,WHITE,WHITE,WHITE,WHITE,WHITE,WHITE,WHITEWHITE,WHITE,WHITE,WHITE,WHITE,WHITE,WHITE,WHITE,WHITE,WHITE,WHITE,WHITE,RED,BLUE,WHITE,WHITE,WHITE,WHITEWHITE,WHITE,RED,WHITE,WHITE,WHITE,WHITE,WHITE,WHITE,WHITE,WHITE,WHITE,GREEN,GREEN,WHITE,BLUE,WHITE,WHITEBLUE,WHITE,GREEN,WHITE,BLUE,WHITE,BLUE,RED,WHITE,BLUE,WHITE,WHITE,BLUE,BLUE,BLUE,GREEN,WHITE,WHITEGREEN,RED,RED,RED,GREEN,RED,RED,GREEN,WHITE,GREEN,WHITE,WHITE,BLUE,GREEN,GREEN,RED,WHITE,RED]"
"0428b217-f96b-4423-91ed-2d1f2d51b369",1694349419991,1694349703415,"33708",5,"53453","ARCHITECT","cover green all",1694349598701,"(89,86)","6, 18","[WHITE,WHITE,WHITE,WHITE,WHITE,WHITE,WHITE,WHITE,WHITE,WHITE,WHITE,WHITE,WHITE,WHITE,WHITE,WHITE,WHITE,WHITEWHITE,WHITE,WHITE,WHITE,WHITE,WHITE,WHITE,WHITE,WHITE,WHITE,WHITE,WHITE,WHITE,WHITE,WHITE,WHITE,WHITE,WHITEWHITE,WHITE,WHITE,WHITE,WHITE,WHITE,WHITE,WHITE,WHITE,WHITE,WHITE,WHITE,RED,BLUE,WHITE,WHITE,WHITE,WHITEWHITE,WHITE,RED,WHITE,WHITE,WHITE,WHITE,WHITE,WHITE,WHITE,WHITE,WHITE,GREEN,GREEN,WHITE,BLUE,WHITE,WHITEBLUE,WHITE,GREEN,WHITE,BLUE,WHITE,BLUE,RED,WHITE,BLUE,WHITE,WHITE,BLUE,BLUE,BLUE,GREEN,WHITE,WHITEGREEN,RED,RED,RED,GREEN,RED,RED,GREEN,WHITE,GREEN,WHITE,WHITE,BLUE,GREEN,GREEN,RED,WHITE,RED]"
"0428b217-f96b-4423-91ed-2d1f2d51b369",1694349419991,1694349703415,"33708",6,"53453","ARCHITECT","clear nocolor C2",1694349607650,"(87,86)","6, 18","[WHITE,WHITE,WHITE,WHITE,WHITE,WHITE,WHITE,WHITE,WHITE,WHITE,WHITE,WHITE,WHITE,WHITE,WHITE,WHITE,WHITE,WHITEWHITE,WHITE,WHITE,WHITE,WHITE,WHITE,WHITE,WHITE,WHITE,WHITE,WHITE,WHITE,RED,WHITE,WHITE,WHITE,WHITE,WHITEWHITE,WHITE,WHITE,WHITE,WHITE,WHITE,WHITE,WHITE,WHITE,WHITE,WHITE,WHITE,BLUE,BLUE,RED,WHITE,WHITE,WHITERED,WHITE,WHITE,WHITE,WHITE,WHITE,WHITE,WHITE,WHITE,WHITE,WHITE,WHITE,GREEN,GREEN,BLUE,WHITE,WHITE,WHITEBLUE,WHITE,GREEN,BLUE,WHITE,WHITE,BLUE,RED,WHITE,BLUE,WHITE,WHITE,BLUE,BLUE,GREEN,WHITE,WHITE,WHITEGREEN,RED,RED,RED,GREEN,RED,RED,GREEN,WHITE,GREEN,WHITE,RED,BLUE,GREEN,GREEN,WHITE,WHITE,WHITE]"
"0428b217-f96b-4423-91ed-2d1f2d51b369",1694349419991,1694349703415,"33708",6,"53453","ARCHITECT","clear nocolor C2",1694349608555,"(88,68)","6, 18","[WHITE,WHITE,WHITE,WHITE,WHITE,WHITE,WHITE,WHITE,WHITE,WHITE,WHITE,WHITE,WHITE,WHITE,WHITE,WHITE,WHITE,WHITEWHITE,WHITE,WHITE,WHITE,WHITE,WHITE,WHITE,WHITE,WHITE,WHITE,WHITE,WHITE,RED,WHITE,WHITE,WHITE,WHITE,WHITEWHITE,WHITE,WHITE,WHITE,WHITE,WHITE,WHITE,WHITE,WHITE,WHITE,WHITE,WHITE,BLUE,BLUE,RED,WHITE,WHITE,WHITERED,WHITE,WHITE,WHITE,WHITE,WHITE,WHITE,WHITE,WHITE,WHITE,WHITE,WHITE,GREEN,GREEN,BLUE,WHITE,WHITE,WHITEBLUE,WHITE,GREEN,BLUE,WHITE,WHITE,BLUE,RED,WHITE,BLUE,WHITE,WHITE,BLUE,BLUE,GREEN,WHITE,WHITE,WHITEGREEN,RED,RED,RED,GREEN,RED,RED,GREEN,WHITE,GREEN,WHITE,RED,BLUE,GREEN,GREEN,WHITE,WHITE,WHITE]"
"0428b217-f96b-4423-91ed-2d1f2d51b369",1694349419991,1694349703415,"33708",6,"53453","ARCHITECT","clear nocolor C2",1694349609675,"(105,50)","6, 18","[WHITE,WHITE,WHITE,WHITE,WHITE,WHITE,WHITE,WHITE,WHITE,WHITE,WHITE,WHITE,WHITE,WHITE,WHITE,WHITE,WHITE,WHITEWHITE,WHITE,WHITE,WHITE,WHITE,WHITE,WHITE,WHITE,WHITE,WHITE,WHITE,WHITE,RED,WHITE,WHITE,WHITE,WHITE,WHITEWHITE,WHITE,WHITE,WHITE,WHITE,WHITE,WHITE,WHITE,WHITE,WHITE,WHITE,WHITE,BLUE,BLUE,RED,WHITE,WHITE,WHITERED,WHITE,WHITE,WHITE,WHITE,WHITE,WHITE,WHITE,WHITE,WHITE,WHITE,WHITE,GREEN,GREEN,BLUE,WHITE,WHITE,WHITEBLUE,WHITE,GREEN,BLUE,WHITE,WHITE,BLUE,RED,WHITE,BLUE,WHITE,WHITE,BLUE,BLUE,GREEN,WHITE,WHITE,WHITEGREEN,RED,RED,RED,GREEN,RED,RED,GREEN,WHITE,GREEN,WHITE,RED,BLUE,GREEN,GREEN,WHITE,WHITE,WHITE]"
"0428b217-f96b-4423-91ed-2d1f2d51b369",1694349419991,1694349703415,"33708",6,"53453","ARCHITECT","clear nocolor C2",1694349612243,"(106,49)","6, 18","[WHITE,WHITE,WHITE,WHITE,WHITE,WHITE,WHITE,WHITE,WHITE,WHITE,WHITE,WHITE,WHITE,WHITE,WHITE,WHITE,WHITE,WHITEWHITE,WHITE,WHITE,WHITE,WHITE,WHITE,WHITE,WHITE,WHITE,WHITE,WHITE,WHITE,RED,WHITE,WHITE,WHITE,WHITE,WHITEWHITE,WHITE,WHITE,WHITE,WHITE,WHITE,WHITE,WHITE,WHITE,WHITE,WHITE,WHITE,BLUE,BLUE,RED,WHITE,WHITE,WHITERED,WHITE,WHITE,WHITE,WHITE,WHITE,WHITE,WHITE,WHITE,WHITE,WHITE,WHITE,GREEN,GREEN,BLUE,WHITE,WHITE,WHITEBLUE,WHITE,GREEN,BLUE,WHITE,WHITE,BLUE,RED,WHITE,BLUE,WHITE,WHITE,BLUE,BLUE,GREEN,WHITE,WHITE,WHITEGREEN,RED,RED,RED,GREEN,RED,RED,GREEN,WHITE,GREEN,WHITE,RED,BLUE,GREEN,GREEN,WHITE,WHITE,WHITE]"
"0428b217-f96b-4423-91ed-2d1f2d51b369",1694349419991,1694349703415,"33708",6,"53453","ARCHITECT","clear nocolor C2",1694349613271,"(89,48)","6, 18","[WHITE,WHITE,WHITE,WHITE,WHITE,WHITE,WHITE,WHITE,WHITE,WHITE,WHITE,WHITE,WHITE,WHITE,WHITE,WHITE,WHITE,WHITEWHITE,WHITE,WHITE,WHITE,WHITE,WHITE,WHITE,WHITE,WHITE,WHITE,WHITE,WHITE,RED,WHITE,WHITE,WHITE,WHITE,WHITEWHITE,WHITE,WHITE,WHITE,WHITE,WHITE,WHITE,WHITE,WHITE,WHITE,WHITE,WHITE,BLUE,BLUE,RED,WHITE,WHITE,WHITERED,WHITE,WHITE,WHITE,WHITE,WHITE,WHITE,WHITE,WHITE,WHITE,WHITE,WHITE,GREEN,GREEN,BLUE,WHITE,WHITE,WHITEBLUE,WHITE,GREEN,BLUE,WHITE,WHITE,BLUE,RED,WHITE,BLUE,WHITE,WHITE,BLUE,BLUE,GREEN,WHITE,WHITE,WHITEGREEN,RED,RED,RED,GREEN,RED,RED,GREEN,WHITE,GREEN,WHITE,RED,BLUE,GREEN,GREEN,WHITE,WHITE,WHITE]"
"0428b217-f96b-4423-91ed-2d1f2d51b369",1694349419991,1694349703415,"33708",6,"53453","ARCHITECT","clear nocolor C2",1694349614862,"(107,30)","6, 18","[WHITE,WHITE,WHITE,WHITE,WHITE,WHITE,WHITE,WHITE,WHITE,WHITE,WHITE,WHITE,WHITE,WHITE,WHITE,WHITE,WHITE,WHITEWHITE,WHITE,WHITE,WHITE,WHITE,WHITE,WHITE,WHITE,WHITE,WHITE,WHITE,WHITE,RED,WHITE,WHITE,WHITE,WHITE,WHITEWHITE,WHITE,WHITE,WHITE,WHITE,WHITE,WHITE,WHITE,WHITE,WHITE,WHITE,WHITE,BLUE,BLUE,RED,WHITE,WHITE,WHITERED,WHITE,WHITE,WHITE,WHITE,WHITE,WHITE,WHITE,WHITE,WHITE,WHITE,WHITE,GREEN,GREEN,BLUE,WHITE,WHITE,WHITEBLUE,WHITE,GREEN,BLUE,WHITE,WHITE,BLUE,RED,WHITE,BLUE,WHITE,WHITE,BLUE,BLUE,GREEN,WHITE,WHITE,WHITEGREEN,RED,RED,RED,GREEN,RED,RED,GREEN,WHITE,GREEN,WHITE,RED,BLUE,GREEN,GREEN,WHITE,WHITE,WHITE]"
"0428b217-f96b-4423-91ed-2d1f2d51b369",1694349419991,1694349703415,"33708",7,"53453","ARCHITECT","fill nocolor B2",1694349622251,"(66,100)","6, 18","[WHITE,WHITE,WHITE,WHITE,WHITE,WHITE,WHITE,WHITE,WHITE,BLUE,RED,RED,WHITE,WHITE,WHITE,WHITE,WHITE,WHITEWHITE,WHITE,WHITE,WHITE,WHITE,WHITE,WHITE,WHITE,WHITE,BLUE,BLUE,RED,WHITE,WHITE,WHITE,WHITE,WHITE,WHITEWHITE,WHITE,WHITE,WHITE,WHITE,WHITE,WHITE,WHITE,WHITE,BLUE,GREEN,GREEN,WHITE,WHITE,WHITE,WHITE,WHITE,WHITERED,WHITE,WHITE,WHITE,WHITE,WHITE,WHITE,WHITE,WHITE,GREEN,BLUE,BLUE,WHITE,WHITE,WHITE,WHITE,WHITE,WHITEBLUE,WHITE,GREEN,BLUE,WHITE,WHITE,WHITE,WHITE,WHITE,BLUE,BLUE,GREEN,WHITE,WHITE,WHITE,WHITE,WHITE,WHITEGREEN,RED,RED,RED,GREEN,RED,RED,GREEN,WHITE,GREEN,GREEN,RED,WHITE,WHITE,WHITE,WHITE,WHITE,WHITE]"
"0428b217-f96b-4423-91ed-2d1f2d51b369",1694349419991,1694349703415,"33708",7,"53453","ARCHITECT","fill nocolor B2",1694349623753,"(84,82)","6, 18","[WHITE,WHITE,WHITE,WHITE,WHITE,WHITE,WHITE,WHITE,WHITE,BLUE,RED,RED,WHITE,WHITE,WHITE,WHITE,WHITE,WHITEWHITE,WHITE,WHITE,WHITE,WHITE,WHITE,WHITE,WHITE,WHITE,BLUE,BLUE,RED,WHITE,WHITE,WHITE,WHITE,WHITE,WHITEWHITE,WHITE,WHITE,WHITE,WHITE,WHITE,WHITE,WHITE,WHITE,BLUE,GREEN,GREEN,WHITE,WHITE,WHITE,WHITE,WHITE,WHITERED,WHITE,WHITE,WHITE,WHITE,WHITE,WHITE,WHITE,WHITE,GREEN,BLUE,BLUE,WHITE,WHITE,WHITE,WHITE,WHITE,WHITEBLUE,WHITE,GREEN,BLUE,WHITE,WHITE,WHITE,WHITE,WHITE,BLUE,BLUE,GREEN,WHITE,WHITE,WHITE,WHITE,WHITE,WHITEGREEN,RED,RED,RED,GREEN,RED,RED,GREEN,WHITE,GREEN,GREEN,RED,WHITE,WHITE,WHITE,WHITE,WHITE,WHITE]"
"0428b217-f96b-4423-91ed-2d1f2d51b369",1694349419991,1694349703415,"33708",7,"53453","ARCHITECT","fill nocolor B2",1694349624701,"(67,83)","6, 18","[WHITE,WHITE,WHITE,WHITE,WHITE,WHITE,WHITE,WHITE,WHITE,BLUE,RED,RED,WHITE,WHITE,WHITE,WHITE,WHITE,WHITEWHITE,WHITE,WHITE,WHITE,WHITE,WHITE,WHITE,WHITE,WHITE,BLUE,BLUE,RED,WHITE,WHITE,WHITE,WHITE,WHITE,WHITEWHITE,WHITE,WHITE,WHITE,WHITE,WHITE,WHITE,WHITE,WHITE,BLUE,GREEN,GREEN,WHITE,WHITE,WHITE,WHITE,WHITE,WHITERED,WHITE,WHITE,WHITE,WHITE,WHITE,WHITE,WHITE,WHITE,GREEN,BLUE,BLUE,WHITE,WHITE,WHITE,WHITE,WHITE,WHITEBLUE,WHITE,GREEN,BLUE,WHITE,WHITE,WHITE,WHITE,WHITE,BLUE,BLUE,GREEN,WHITE,WHITE,WHITE,WHITE,WHITE,WHITEGREEN,RED,RED,RED,GREEN,RED,RED,GREEN,WHITE,GREEN,GREEN,RED,WHITE,WHITE,WHITE,WHITE,WHITE,WHITE]"
"0428b217-f96b-4423-91ed-2d1f2d51b369",1694349419991,1694349703415,"33708",7,"53453","ARCHITECT","fill nocolor B2",1694349625713,"(102,65)","6, 18","[WHITE,WHITE,WHITE,WHITE,WHITE,WHITE,WHITE,WHITE,WHITE,BLUE,RED,RED,WHITE,WHITE,WHITE,WHITE,WHITE,WHITEWHITE,WHITE,WHITE,WHITE,WHITE,WHITE,WHITE,WHITE,WHITE,BLUE,BLUE,RED,WHITE,WHITE,WHITE,WHITE,WHITE,WHITEWHITE,WHITE,WHITE,WHITE,WHITE,WHITE,WHITE,WHITE,WHITE,BLUE,GREEN,GREEN,WHITE,WHITE,WHITE,WHITE,WHITE,WHITERED,WHITE,WHITE,WHITE,WHITE,WHITE,WHITE,WHITE,WHITE,GREEN,BLUE,BLUE,WHITE,WHITE,WHITE,WHITE,WHITE,WHITEBLUE,WHITE,GREEN,BLUE,WHITE,WHITE,WHITE,WHITE,WHITE,BLUE,BLUE,GREEN,WHITE,WHITE,WHITE,WHITE,WHITE,WHITEGREEN,RED,RED,RED,GREEN,RED,RED,GREEN,WHITE,GREEN,GREEN,RED,WHITE,WHITE,WHITE,WHITE,WHITE,WHITE]"
"0428b217-f96b-4423-91ed-2d1f2d51b369",1694349419991,1694349703415,"33708",7,"53453","ARCHITECT","fill nocolor B2",1694349626693,"(85,64)","6, 18","[WHITE,WHITE,WHITE,WHITE,WHITE,WHITE,WHITE,WHITE,WHITE,BLUE,RED,RED,WHITE,WHITE,WHITE,WHITE,WHITE,WHITEWHITE,WHITE,WHITE,WHITE,WHITE,WHITE,WHITE,WHITE,WHITE,BLUE,BLUE,RED,WHITE,WHITE,WHITE,WHITE,WHITE,WHITEWHITE,WHITE,WHITE,WHITE,WHITE,WHITE,WHITE,WHITE,WHITE,BLUE,GREEN,GREEN,WHITE,WHITE,WHITE,WHITE,WHITE,WHITERED,WHITE,WHITE,WHITE,WHITE,WHITE,WHITE,WHITE,WHITE,GREEN,BLUE,BLUE,WHITE,WHITE,WHITE,WHITE,WHITE,WHITEBLUE,WHITE,GREEN,BLUE,WHITE,WHITE,WHITE,WHITE,WHITE,BLUE,BLUE,GREEN,WHITE,WHITE,WHITE,WHITE,WHITE,WHITEGREEN,RED,RED,RED,GREEN,RED,RED,GREEN,WHITE,GREEN,GREEN,RED,WHITE,WHITE,WHITE,WHITE,WHITE,WHITE]"
"0428b217-f96b-4423-91ed-2d1f2d51b369",1694349419991,1694349703415,"33708",7,"53453","ARCHITECT","fill nocolor B2",1694349629354,"(103,47)","6, 18","[WHITE,WHITE,WHITE,WHITE,WHITE,WHITE,WHITE,WHITE,WHITE,BLUE,RED,RED,WHITE,WHITE,WHITE,WHITE,WHITE,WHITEWHITE,WHITE,WHITE,WHITE,WHITE,WHITE,WHITE,WHITE,WHITE,BLUE,BLUE,RED,WHITE,WHITE,WHITE,WHITE,WHITE,WHITEWHITE,WHITE,WHITE,WHITE,WHITE,WHITE,WHITE,WHITE,WHITE,BLUE,GREEN,GREEN,WHITE,WHITE,WHITE,WHITE,WHITE,WHITERED,WHITE,WHITE,WHITE,WHITE,WHITE,WHITE,WHITE,WHITE,GREEN,BLUE,BLUE,WHITE,WHITE,WHITE,WHITE,WHITE,WHITEBLUE,WHITE,GREEN,BLUE,WHITE,WHITE,WHITE,WHITE,WHITE,BLUE,BLUE,GREEN,WHITE,WHITE,WHITE,WHITE,WHITE,WHITEGREEN,RED,RED,RED,GREEN,RED,RED,GREEN,WHITE,GREEN,GREEN,RED,WHITE,WHITE,WHITE,WHITE,WHITE,WHITE]"
"0428b217-f96b-4423-91ed-2d1f2d51b369",1694349419991,1694349703415,"33708",7,"53453","ARCHITECT","fill nocolor B2",1694349630594,"(104,46)","6, 18","[WHITE,WHITE,WHITE,WHITE,WHITE,WHITE,WHITE,WHITE,WHITE,BLUE,RED,RED,WHITE,WHITE,WHITE,WHITE,WHITE,WHITEWHITE,WHITE,WHITE,WHITE,WHITE,WHITE,WHITE,WHITE,WHITE,BLUE,BLUE,RED,WHITE,WHITE,WHITE,WHITE,WHITE,WHITEWHITE,WHITE,WHITE,WHITE,WHITE,WHITE,WHITE,WHITE,WHITE,BLUE,GREEN,GREEN,WHITE,WHITE,WHITE,WHITE,WHITE,WHITERED,WHITE,WHITE,WHITE,WHITE,WHITE,WHITE,WHITE,WHITE,GREEN,BLUE,BLUE,WHITE,WHITE,WHITE,WHITE,WHITE,WHITEBLUE,WHITE,GREEN,BLUE,WHITE,WHITE,WHITE,WHITE,WHITE,BLUE,BLUE,GREEN,WHITE,WHITE,WHITE,WHITE,WHITE,WHITEGREEN,RED,RED,RED,GREEN,RED,RED,GREEN,WHITE,GREEN,GREEN,RED,WHITE,WHITE,WHITE,WHITE,WHITE,WHITE]"
"0428b217-f96b-4423-91ed-2d1f2d51b369",1694349419991,1694349703415,"33708",7,"53453","ARCHITECT","fill nocolor B2",1694349631865,"(87,63)","6, 18","[WHITE,WHITE,WHITE,WHITE,WHITE,WHITE,WHITE,WHITE,WHITE,BLUE,RED,RED,WHITE,WHITE,WHITE,WHITE,WHITE,WHITEWHITE,WHITE,WHITE,WHITE,WHITE,WHITE,WHITE,WHITE,WHITE,BLUE,BLUE,RED,WHITE,WHITE,WHITE,WHITE,WHITE,WHITEWHITE,WHITE,WHITE,WHITE,WHITE,WHITE,WHITE,WHITE,WHITE,BLUE,GREEN,GREEN,WHITE,WHITE,WHITE,WHITE,WHITE,WHITERED,WHITE,WHITE,WHITE,WHITE,WHITE,WHITE,WHITE,WHITE,GREEN,BLUE,BLUE,WHITE,WHITE,WHITE,WHITE,WHITE,WHITEBLUE,WHITE,GREEN,BLUE,WHITE,WHITE,WHITE,WHITE,WHITE,BLUE,BLUE,GREEN,WHITE,WHITE,WHITE,WHITE,WHITE,WHITEGREEN,RED,RED,RED,GREEN,RED,RED,GREEN,WHITE,GREEN,GREEN,RED,WHITE,WHITE,WHITE,WHITE,WHITE,WHITE]"
"0428b217-f96b-4423-91ed-2d1f2d51b369",1694349419991,1694349703415,"33708",7,"53453","ARCHITECT","fill nocolor B2",1694349633246,"(88,45)","6, 18","[WHITE,WHITE,WHITE,WHITE,WHITE,WHITE,WHITE,WHITE,WHITE,BLUE,RED,RED,WHITE,WHITE,WHITE,WHITE,WHITE,WHITEWHITE,WHITE,WHITE,WHITE,WHITE,WHITE,WHITE,WHITE,WHITE,BLUE,BLUE,RED,WHITE,WHITE,WHITE,WHITE,WHITE,WHITEWHITE,WHITE,WHITE,WHITE,WHITE,WHITE,WHITE,WHITE,WHITE,BLUE,GREEN,GREEN,WHITE,WHITE,WHITE,WHITE,WHITE,WHITERED,WHITE,WHITE,WHITE,WHITE,WHITE,WHITE,WHITE,WHITE,GREEN,BLUE,BLUE,WHITE,WHITE,WHITE,WHITE,WHITE,WHITEBLUE,WHITE,GREEN,BLUE,WHITE,WHITE,WHITE,WHITE,WHITE,BLUE,BLUE,GREEN,WHITE,WHITE,WHITE,WHITE,WHITE,WHITEGREEN,RED,RED,RED,GREEN,RED,RED,GREEN,WHITE,GREEN,GREEN,RED,WHITE,WHITE,WHITE,WHITE,WHITE,WHITE]"
"0428b217-f96b-4423-91ed-2d1f2d51b369",1694349419991,1694349703415,"33708",7,"53453","ARCHITECT","fill nocolor B2",1694349634569,"(105,29)","6, 18","[WHITE,WHITE,WHITE,WHITE,WHITE,WHITE,WHITE,WHITE,WHITE,BLUE,RED,RED,WHITE,WHITE,WHITE,WHITE,WHITE,WHITEWHITE,WHITE,WHITE,WHITE,WHITE,WHITE,WHITE,WHITE,WHITE,BLUE,BLUE,RED,WHITE,WHITE,WHITE,WHITE,WHITE,WHITEWHITE,WHITE,WHITE,WHITE,WHITE,WHITE,WHITE,WHITE,WHITE,BLUE,GREEN,GREEN,WHITE,WHITE,WHITE,WHITE,WHITE,WHITERED,WHITE,WHITE,WHITE,WHITE,WHITE,WHITE,WHITE,WHITE,GREEN,BLUE,BLUE,WHITE,WHITE,WHITE,WHITE,WHITE,WHITEBLUE,WHITE,GREEN,BLUE,WHITE,WHITE,WHITE,WHITE,WHITE,BLUE,BLUE,GREEN,WHITE,WHITE,WHITE,WHITE,WHITE,WHITEGREEN,RED,RED,RED,GREEN,RED,RED,GREEN,WHITE,GREEN,GREEN,RED,WHITE,WHITE,WHITE,WHITE,WHITE,WHITE]"
"0428b217-f96b-4423-91ed-2d1f2d51b369",1694349419991,1694349703415,"33708",7,"53453","ARCHITECT","fill nocolor B2",1694349635774,"(106,28)","6, 18","[WHITE,WHITE,WHITE,WHITE,WHITE,WHITE,WHITE,WHITE,WHITE,BLUE,RED,RED,WHITE,WHITE,WHITE,WHITE,WHITE,WHITEWHITE,WHITE,WHITE,WHITE,WHITE,WHITE,WHITE,WHITE,WHITE,BLUE,BLUE,RED,WHITE,WHITE,WHITE,WHITE,WHITE,WHITEWHITE,WHITE,WHITE,WHITE,WHITE,WHITE,WHITE,WHITE,WHITE,BLUE,GREEN,GREEN,WHITE,WHITE,WHITE,WHITE,WHITE,WHITERED,WHITE,WHITE,WHITE,WHITE,WHITE,WHITE,WHITE,WHITE,GREEN,BLUE,BLUE,WHITE,WHITE,WHITE,WHITE,WHITE,WHITEBLUE,WHITE,GREEN,BLUE,WHITE,WHITE,WHITE,WHITE,WHITE,BLUE,BLUE,GREEN,WHITE,WHITE,WHITE,WHITE,WHITE,WHITEGREEN,RED,RED,RED,GREEN,RED,RED,GREEN,WHITE,GREEN,GREEN,RED,WHITE,WHITE,WHITE,WHITE,WHITE,WHITE]"
"0428b217-f96b-4423-91ed-2d1f2d51b369",1694349419991,1694349703415,"33708",7,"53453","ARCHITECT","fill nocolor B2",1694349637291,"(89,27)","6, 18","[WHITE,WHITE,WHITE,WHITE,WHITE,WHITE,WHITE,WHITE,WHITE,BLUE,RED,RED,WHITE,WHITE,WHITE,WHITE,WHITE,WHITEWHITE,WHITE,WHITE,WHITE,WHITE,WHITE,WHITE,WHITE,WHITE,BLUE,BLUE,RED,WHITE,WHITE,WHITE,WHITE,WHITE,WHITEWHITE,WHITE,WHITE,WHITE,WHITE,WHITE,WHITE,WHITE,WHITE,BLUE,GREEN,GREEN,WHITE,WHITE,WHITE,WHITE,WHITE,WHITERED,WHITE,WHITE,WHITE,WHITE,WHITE,WHITE,WHITE,WHITE,GREEN,BLUE,BLUE,WHITE,WHITE,WHITE,WHITE,WHITE,WHITEBLUE,WHITE,GREEN,BLUE,WHITE,WHITE,WHITE,WHITE,WHITE,BLUE,BLUE,GREEN,WHITE,WHITE,WHITE,WHITE,WHITE,WHITEGREEN,RED,RED,RED,GREEN,RED,RED,GREEN,WHITE,GREEN,GREEN,RED,WHITE,WHITE,WHITE,WHITE,WHITE,WHITE]"
"0428b217-f96b-4423-91ed-2d1f2d51b369",1694349419991,1694349703415,"33708",7,"53453","ARCHITECT","fill nocolor B2",1694349638853,"(107,11)","6, 18","[WHITE,WHITE,WHITE,WHITE,WHITE,WHITE,WHITE,WHITE,WHITE,BLUE,RED,RED,WHITE,WHITE,WHITE,WHITE,WHITE,WHITEWHITE,WHITE,WHITE,WHITE,WHITE,WHITE,WHITE,WHITE,WHITE,BLUE,BLUE,RED,WHITE,WHITE,WHITE,WHITE,WHITE,WHITEWHITE,WHITE,WHITE,WHITE,WHITE,WHITE,WHITE,WHITE,WHITE,BLUE,GREEN,GREEN,WHITE,WHITE,WHITE,WHITE,WHITE,WHITERED,WHITE,WHITE,WHITE,WHITE,WHITE,WHITE,WHITE,WHITE,GREEN,BLUE,BLUE,WHITE,WHITE,WHITE,WHITE,WHITE,WHITEBLUE,WHITE,GREEN,BLUE,WHITE,WHITE,WHITE,WHITE,WHITE,BLUE,BLUE,GREEN,WHITE,WHITE,WHITE,WHITE,WHITE,WHITEGREEN,RED,RED,RED,GREEN,RED,RED,GREEN,WHITE,GREEN,GREEN,RED,WHITE,WHITE,WHITE,WHITE,WHITE,WHITE]"
"0428b217-f96b-4423-91ed-2d1f2d51b369",1694349419991,1694349703415,"33708",7,"53453","ARCHITECT","fill nocolor B2",1694349640166,"(79,10)","6, 18","[WHITE,WHITE,WHITE,WHITE,WHITE,WHITE,WHITE,WHITE,WHITE,BLUE,RED,RED,WHITE,WHITE,WHITE,WHITE,WHITE,WHITEWHITE,WHITE,WHITE,WHITE,WHITE,WHITE,WHITE,WHITE,WHITE,BLUE,BLUE,RED,WHITE,WHITE,WHITE,WHITE,WHITE,WHITEWHITE,WHITE,WHITE,WHITE,WHITE,WHITE,WHITE,WHITE,WHITE,BLUE,GREEN,GREEN,WHITE,WHITE,WHITE,WHITE,WHITE,WHITERED,WHITE,WHITE,WHITE,WHITE,WHITE,WHITE,WHITE,WHITE,GREEN,BLUE,BLUE,WHITE,WHITE,WHITE,WHITE,WHITE,WHITEBLUE,WHITE,GREEN,BLUE,WHITE,WHITE,WHITE,WHITE,WHITE,BLUE,BLUE,GREEN,WHITE,WHITE,WHITE,WHITE,WHITE,WHITEGREEN,RED,RED,RED,GREEN,RED,RED,GREEN,WHITE,GREEN,GREEN,RED,WHITE,WHITE,WHITE,WHITE,WHITE,WHITE]"
"0428b217-f96b-4423-91ed-2d1f2d51b369",1694349419991,1694349703415,"33708",7,"53453","ARCHITECT","fill nocolor B2",1694349641468,"(78,9)","6, 18","[WHITE,WHITE,WHITE,WHITE,WHITE,WHITE,WHITE,WHITE,WHITE,BLUE,RED,RED,WHITE,WHITE,WHITE,WHITE,WHITE,WHITEWHITE,WHITE,WHITE,WHITE,WHITE,WHITE,WHITE,WHITE,WHITE,BLUE,BLUE,RED,WHITE,WHITE,WHITE,WHITE,WHITE,WHITEWHITE,WHITE,WHITE,WHITE,WHITE,WHITE,WHITE,WHITE,WHITE,BLUE,GREEN,GREEN,WHITE,WHITE,WHITE,WHITE,WHITE,WHITERED,WHITE,WHITE,WHITE,WHITE,WHITE,WHITE,WHITE,WHITE,GREEN,BLUE,BLUE,WHITE,WHITE,WHITE,WHITE,WHITE,WHITEBLUE,WHITE,GREEN,BLUE,WHITE,WHITE,WHITE,WHITE,WHITE,BLUE,BLUE,GREEN,WHITE,WHITE,WHITE,WHITE,WHITE,WHITEGREEN,RED,RED,RED,GREEN,RED,RED,GREEN,WHITE,GREEN,GREEN,RED,WHITE,WHITE,WHITE,WHITE,WHITE,WHITE]"
"0428b217-f96b-4423-91ed-2d1f2d51b369",1694349419991,1694349703415,"33708",8,"53453","ARCHITECT","cover red all",1694349652494,"(94,36)","6, 18","[WHITE,WHITE,WHITE,WHITE,WHITE,WHITE,WHITE,WHITE,WHITE,WHITE,WHITE,WHITE,WHITE,WHITE,WHITE,WHITE,WHITE,WHITEWHITE,WHITE,WHITE,WHITE,WHITE,WHITE,WHITE,WHITE,WHITE,WHITE,WHITE,WHITE,WHITE,WHITE,WHITE,WHITE,WHITE,WHITEGREEN,WHITE,WHITE,WHITE,WHITE,WHITE,WHITE,WHITE,WHITE,WHITE,WHITE,WHITE,WHITE,WHITE,WHITE,WHITE,WHITE,WHITERED,WHITE,WHITE,WHITE,WHITE,WHITE,WHITE,GREEN,WHITE,WHITE,WHITE,WHITE,WHITE,WHITE,WHITE,WHITE,WHITE,WHITEBLUE,BLUE,GREEN,BLUE,WHITE,BLUE,BLUE,RED,WHITE,WHITE,WHITE,GREEN,BLUE,WHITE,WHITE,GREEN,BLUE,BLUEGREEN,RED,RED,RED,WHITE,RED,RED,GREEN,WHITE,GREEN,WHITE,RED,BLUE,GREEN,GREEN,RED,BLUE,RED]"
"0428b217-f96b-4423-91ed-2d1f2d51b369",1694349419991,1694349703415,"33708",8,"53453","ARCHITECT","cover red all",1694349657464,"(81,73)","6, 18","[WHITE,WHITE,WHITE,WHITE,WHITE,WHITE,WHITE,WHITE,WHITE,WHITE,WHITE,WHITE,WHITE,WHITE,WHITE,WHITE,WHITE,WHITEWHITE,WHITE,WHITE,WHITE,WHITE,WHITE,WHITE,WHITE,WHITE,WHITE,WHITE,WHITE,WHITE,WHITE,WHITE,WHITE,WHITE,WHITEGREEN,WHITE,WHITE,WHITE,WHITE,WHITE,WHITE,WHITE,WHITE,WHITE,WHITE,WHITE,WHITE,WHITE,WHITE,WHITE,WHITE,WHITERED,WHITE,WHITE,WHITE,WHITE,WHITE,WHITE,GREEN,WHITE,WHITE,WHITE,WHITE,WHITE,WHITE,WHITE,WHITE,WHITE,WHITEBLUE,BLUE,GREEN,BLUE,WHITE,BLUE,BLUE,RED,WHITE,WHITE,WHITE,GREEN,BLUE,WHITE,WHITE,GREEN,BLUE,BLUEGREEN,RED,RED,RED,WHITE,RED,RED,GREEN,WHITE,GREEN,WHITE,RED,BLUE,GREEN,GREEN,RED,BLUE,RED]"
"0428b217-f96b-4423-91ed-2d1f2d51b369",1694349419991,1694349703415,"33708",8,"53453","ARCHITECT","cover red all",1694349659694,"(66,83)","6, 18","[WHITE,WHITE,WHITE,WHITE,WHITE,WHITE,WHITE,WHITE,WHITE,WHITE,WHITE,WHITE,WHITE,WHITE,WHITE,WHITE,WHITE,WHITEWHITE,WHITE,WHITE,WHITE,WHITE,WHITE,WHITE,WHITE,WHITE,WHITE,WHITE,WHITE,WHITE,WHITE,WHITE,WHITE,WHITE,WHITEGREEN,WHITE,WHITE,WHITE,WHITE,WHITE,WHITE,WHITE,WHITE,WHITE,WHITE,WHITE,WHITE,WHITE,WHITE,WHITE,WHITE,WHITERED,WHITE,WHITE,WHITE,WHITE,WHITE,WHITE,GREEN,WHITE,WHITE,WHITE,WHITE,WHITE,WHITE,WHITE,WHITE,WHITE,WHITEBLUE,BLUE,GREEN,BLUE,WHITE,BLUE,BLUE,RED,WHITE,WHITE,WHITE,GREEN,BLUE,WHITE,WHITE,GREEN,BLUE,BLUEGREEN,RED,RED,RED,WHITE,RED,RED,GREEN,WHITE,GREEN,WHITE,RED,BLUE,GREEN,GREEN,RED,BLUE,RED]"
"0428b217-f96b-4423-91ed-2d1f2d51b369",1694349419991,1694349703415,"33708",8,"53453","ARCHITECT","cover red all",1694349661410,"(67,61)","6, 18","[WHITE,WHITE,WHITE,WHITE,WHITE,WHITE,WHITE,WHITE,WHITE,WHITE,WHITE,WHITE,WHITE,WHITE,WHITE,WHITE,WHITE,WHITEWHITE,WHITE,WHITE,WHITE,WHITE,WHITE,WHITE,WHITE,WHITE,WHITE,WHITE,WHITE,WHITE,WHITE,WHITE,WHITE,WHITE,WHITEGREEN,WHITE,WHITE,WHITE,WHITE,WHITE,WHITE,WHITE,WHITE,WHITE,WHITE,WHITE,WHITE,WHITE,WHITE,WHITE,WHITE,WHITERED,WHITE,WHITE,WHITE,WHITE,WHITE,WHITE,GREEN,WHITE,WHITE,WHITE,WHITE,WHITE,WHITE,WHITE,WHITE,WHITE,WHITEBLUE,BLUE,GREEN,BLUE,WHITE,BLUE,BLUE,RED,WHITE,WHITE,WHITE,GREEN,BLUE,WHITE,WHITE,GREEN,BLUE,BLUEGREEN,RED,RED,RED,WHITE,RED,RED,GREEN,WHITE,GREEN,WHITE,RED,BLUE,GREEN,GREEN,RED,BLUE,RED]"
"0428b217-f96b-4423-91ed-2d1f2d51b369",1694349419991,1694349703415,"33708",8,"53453","ARCHITECT","cover red all",1694349662804,"(85,77)","6, 18","[WHITE,WHITE,WHITE,WHITE,WHITE,WHITE,WHITE,WHITE,WHITE,WHITE,WHITE,WHITE,WHITE,WHITE,WHITE,WHITE,WHITE,WHITEWHITE,WHITE,WHITE,WHITE,WHITE,WHITE,WHITE,WHITE,WHITE,WHITE,WHITE,WHITE,WHITE,WHITE,WHITE,WHITE,WHITE,WHITEGREEN,WHITE,WHITE,WHITE,WHITE,WHITE,WHITE,WHITE,WHITE,WHITE,WHITE,WHITE,WHITE,WHITE,WHITE,WHITE,WHITE,WHITERED,WHITE,WHITE,WHITE,WHITE,WHITE,WHITE,GREEN,WHITE,WHITE,WHITE,WHITE,WHITE,WHITE,WHITE,WHITE,WHITE,WHITEBLUE,BLUE,GREEN,BLUE,WHITE,BLUE,BLUE,RED,WHITE,WHITE,WHITE,GREEN,BLUE,WHITE,WHITE,GREEN,BLUE,BLUEGREEN,RED,RED,RED,WHITE,RED,RED,GREEN,WHITE,GREEN,WHITE,RED,BLUE,GREEN,GREEN,RED,BLUE,RED]"
"0428b217-f96b-4423-91ed-2d1f2d51b369",1694349419991,1694349703415,"33708",9,"53453","ARCHITECT","uncover blue all",1694349669296,"(54,73)","6, 18","[WHITE,WHITE,WHITE,WHITE,WHITE,WHITE,WHITE,WHITE,WHITE,WHITE,WHITE,WHITE,WHITE,WHITE,WHITE,WHITE,WHITE,WHITEWHITE,WHITE,WHITE,WHITE,WHITE,WHITE,WHITE,WHITE,WHITE,WHITE,WHITE,WHITE,WHITE,WHITE,WHITE,WHITE,WHITE,WHITEWHITE,WHITE,WHITE,WHITE,WHITE,WHITE,WHITE,WHITE,WHITE,WHITE,WHITE,WHITE,WHITE,WHITE,WHITE,WHITE,WHITE,WHITEWHITE,WHITE,WHITE,WHITE,WHITE,WHITE,WHITE,WHITE,WHITE,WHITE,WHITE,BLUE,WHITE,WHITE,WHITE,BLUE,WHITE,WHITEBLUE,RED,GREEN,BLUE,WHITE,WHITE,BLUE,RED,WHITE,BLUE,WHITE,GREEN,WHITE,BLUE,WHITE,GREEN,WHITE,BLUEGREEN,RED,RED,RED,GREEN,RED,RED,GREEN,WHITE,GREEN,GREEN,RED,BLUE,GREEN,GREEN,RED,BLUE,RED]"
"0428b217-f96b-4423-91ed-2d1f2d51b369",1694349419991,1694349703415,"33708",9,"53453","ARCHITECT","uncover blue all",1694349670635,"(66,83)","6, 18","[WHITE,WHITE,WHITE,WHITE,WHITE,WHITE,WHITE,WHITE,WHITE,WHITE,WHITE,WHITE,WHITE,WHITE,WHITE,WHITE,WHITE,WHITEWHITE,WHITE,WHITE,WHITE,WHITE,WHITE,WHITE,WHITE,WHITE,WHITE,WHITE,WHITE,WHITE,WHITE,WHITE,WHITE,WHITE,WHITEWHITE,WHITE,WHITE,WHITE,WHITE,WHITE,WHITE,WHITE,WHITE,WHITE,WHITE,WHITE,WHITE,WHITE,WHITE,WHITE,WHITE,WHITEWHITE,WHITE,WHITE,WHITE,WHITE,WHITE,WHITE,WHITE,WHITE,WHITE,WHITE,BLUE,WHITE,WHITE,WHITE,BLUE,WHITE,WHITEBLUE,RED,GREEN,BLUE,WHITE,WHITE,BLUE,RED,WHITE,BLUE,WHITE,GREEN,WHITE,BLUE,WHITE,GREEN,WHITE,BLUEGREEN,RED,RED,RED,GREEN,RED,RED,GREEN,WHITE,GREEN,GREEN,RED,BLUE,GREEN,GREEN,RED,BLUE,RED]"
"0428b217-f96b-4423-91ed-2d1f2d51b369",1694349419991,1694349703415,"33708",9,"53453","ARCHITECT","uncover blue all",1694349672301,"(67,100)","6, 18","[WHITE,WHITE,WHITE,WHITE,WHITE,WHITE,WHITE,WHITE,WHITE,WHITE,WHITE,WHITE,WHITE,WHITE,WHITE,WHITE,WHITE,WHITEWHITE,WHITE,WHITE,WHITE,WHITE,WHITE,WHITE,WHITE,WHITE,WHITE,WHITE,WHITE,WHITE,WHITE,WHITE,WHITE,WHITE,WHITEWHITE,WHITE,WHITE,WHITE,WHITE,WHITE,WHITE,WHITE,WHITE,WHITE,WHITE,WHITE,WHITE,WHITE,WHITE,WHITE,WHITE,WHITEWHITE,WHITE,WHITE,WHITE,WHITE,WHITE,WHITE,WHITE,WHITE,WHITE,WHITE,BLUE,WHITE,WHITE,WHITE,BLUE,WHITE,WHITEBLUE,RED,GREEN,BLUE,WHITE,WHITE,BLUE,RED,WHITE,BLUE,WHITE,GREEN,WHITE,BLUE,WHITE,GREEN,WHITE,BLUEGREEN,RED,RED,RED,GREEN,RED,RED,GREEN,WHITE,GREEN,GREEN,RED,BLUE,GREEN,GREEN,RED,BLUE,RED]"
"0428b217-f96b-4423-91ed-2d1f2d51b369",1694349419991,1694349703415,"33708",9,"53453","ARCHITECT","uncover blue all",1694349673968,"(84,65)","6, 18","[WHITE,WHITE,WHITE,WHITE,WHITE,WHITE,WHITE,WHITE,WHITE,WHITE,WHITE,WHITE,WHITE,WHITE,WHITE,WHITE,WHITE,WHITEWHITE,WHITE,WHITE,WHITE,WHITE,WHITE,WHITE,WHITE,WHITE,WHITE,WHITE,WHITE,WHITE,WHITE,WHITE,WHITE,WHITE,WHITEWHITE,WHITE,WHITE,WHITE,WHITE,WHITE,WHITE,WHITE,WHITE,WHITE,WHITE,WHITE,WHITE,WHITE,WHITE,WHITE,WHITE,WHITEWHITE,WHITE,WHITE,WHITE,WHITE,WHITE,WHITE,WHITE,WHITE,WHITE,WHITE,BLUE,WHITE,WHITE,WHITE,BLUE,WHITE,WHITEBLUE,RED,GREEN,BLUE,WHITE,WHITE,BLUE,RED,WHITE,BLUE,WHITE,GREEN,WHITE,BLUE,WHITE,GREEN,WHITE,BLUEGREEN,RED,RED,RED,GREEN,RED,RED,GREEN,WHITE,GREEN,GREEN,RED,BLUE,GREEN,GREEN,RED,BLUE,RED]"
"0428b217-f96b-4423-91ed-2d1f2d51b369",1694349419991,1694349703415,"33708",9,"53453","ARCHITECT","uncover blue all",1694349675455,"(88,69)","6, 18","[WHITE,WHITE,WHITE,WHITE,WHITE,WHITE,WHITE,WHITE,WHITE,WHITE,WHITE,WHITE,WHITE,WHITE,WHITE,WHITE,WHITE,WHITEWHITE,WHITE,WHITE,WHITE,WHITE,WHITE,WHITE,WHITE,WHITE,WHITE,WHITE,WHITE,WHITE,WHITE,WHITE,WHITE,WHITE,WHITEWHITE,WHITE,WHITE,WHITE,WHITE,WHITE,WHITE,WHITE,WHITE,WHITE,WHITE,WHITE,WHITE,WHITE,WHITE,WHITE,WHITE,WHITEWHITE,WHITE,WHITE,WHITE,WHITE,WHITE,WHITE,WHITE,WHITE,WHITE,WHITE,BLUE,WHITE,WHITE,WHITE,BLUE,WHITE,WHITEBLUE,RED,GREEN,BLUE,WHITE,WHITE,BLUE,RED,WHITE,BLUE,WHITE,GREEN,WHITE,BLUE,WHITE,GREEN,WHITE,BLUEGREEN,RED,RED,RED,GREEN,RED,RED,GREEN,WHITE,GREEN,GREEN,RED,BLUE,GREEN,GREEN,RED,BLUE,RED]"
"0428b217-f96b-4423-91ed-2d1f2d51b369",1694349419991,1694349703415,"33708",10,"53453","ARCHITECT","move blue B1",1694349684460,"(81,98)","6, 18","[WHITE,WHITE,WHITE,WHITE,WHITE,WHITE,WHITE,WHITE,WHITE,WHITE,WHITE,WHITE,WHITE,WHITE,WHITE,WHITE,WHITE,WHITEWHITE,WHITE,WHITE,WHITE,WHITE,WHITE,WHITE,WHITE,BLUE,WHITE,WHITE,WHITE,WHITE,WHITE,WHITE,WHITE,WHITE,WHITEWHITE,WHITE,WHITE,WHITE,WHITE,WHITE,BLUE,BLUE,BLUE,WHITE,WHITE,WHITE,WHITE,WHITE,WHITE,WHITE,WHITE,WHITEWHITE,WHITE,WHITE,WHITE,WHITE,WHITE,BLUE,BLUE,BLUE,WHITE,WHITE,WHITE,WHITE,WHITE,WHITE,WHITE,WHITE,WHITEWHITE,RED,GREEN,WHITE,WHITE,WHITE,BLUE,RED,BLUE,WHITE,WHITE,GREEN,WHITE,GREEN,WHITE,GREEN,WHITE,WHITEGREEN,RED,RED,RED,GREEN,RED,RED,GREEN,BLUE,GREEN,WHITE,RED,WHITE,GREEN,GREEN,RED,WHITE,RED]"
"0428b217-f96b-4423-91ed-2d1f2d51b369",1694349419991,1694349703415,"33708",10,"53453","ARCHITECT","move blue B1",1694349685798,"(75,60)","6, 18","[WHITE,WHITE,WHITE,WHITE,WHITE,WHITE,WHITE,WHITE,WHITE,WHITE,WHITE,WHITE,WHITE,WHITE,WHITE,WHITE,WHITE,WHITEWHITE,WHITE,WHITE,WHITE,WHITE,WHITE,WHITE,WHITE,BLUE,WHITE,WHITE,WHITE,WHITE,WHITE,WHITE,WHITE,WHITE,WHITEWHITE,WHITE,WHITE,WHITE,WHITE,WHITE,BLUE,BLUE,BLUE,WHITE,WHITE,WHITE,WHITE,WHITE,WHITE,WHITE,WHITE,WHITEWHITE,WHITE,WHITE,WHITE,WHITE,WHITE,BLUE,BLUE,BLUE,WHITE,WHITE,WHITE,WHITE,WHITE,WHITE,WHITE,WHITE,WHITEWHITE,RED,GREEN,WHITE,WHITE,WHITE,BLUE,RED,BLUE,WHITE,WHITE,GREEN,WHITE,GREEN,WHITE,GREEN,WHITE,WHITEGREEN,RED,RED,RED,GREEN,RED,RED,GREEN,BLUE,GREEN,WHITE,RED,WHITE,GREEN,GREEN,RED,WHITE,RED]"
"0428b217-f96b-4423-91ed-2d1f2d51b369",1694349419991,1694349703415,"33708",10,"53453","ARCHITECT","move blue B1",1694349687089,"(54,73)","6, 18","[WHITE,WHITE,WHITE,WHITE,WHITE,WHITE,WHITE,WHITE,WHITE,WHITE,WHITE,WHITE,WHITE,WHITE,WHITE,WHITE,WHITE,WHITEWHITE,WHITE,WHITE,WHITE,WHITE,WHITE,WHITE,WHITE,BLUE,WHITE,WHITE,WHITE,WHITE,WHITE,WHITE,WHITE,WHITE,WHITEWHITE,WHITE,WHITE,WHITE,WHITE,WHITE,BLUE,BLUE,BLUE,WHITE,WHITE,WHITE,WHITE,WHITE,WHITE,WHITE,WHITE,WHITEWHITE,WHITE,WHITE,WHITE,WHITE,WHITE,BLUE,BLUE,BLUE,WHITE,WHITE,WHITE,WHITE,WHITE,WHITE,WHITE,WHITE,WHITEWHITE,RED,GREEN,WHITE,WHITE,WHITE,BLUE,RED,BLUE,WHITE,WHITE,GREEN,WHITE,GREEN,WHITE,GREEN,WHITE,WHITEGREEN,RED,RED,RED,GREEN,RED,RED,GREEN,BLUE,GREEN,WHITE,RED,WHITE,GREEN,GREEN,RED,WHITE,RED]"
"0428b217-f96b-4423-91ed-2d1f2d51b369",1694349419991,1694349703415,"33708",10,"53453","ARCHITECT","move blue B1",1694349688673,"(72,61)","6, 18","[WHITE,WHITE,WHITE,WHITE,WHITE,WHITE,WHITE,WHITE,WHITE,WHITE,WHITE,WHITE,WHITE,WHITE,WHITE,WHITE,WHITE,WHITEWHITE,WHITE,WHITE,WHITE,WHITE,WHITE,WHITE,WHITE,BLUE,WHITE,WHITE,WHITE,WHITE,WHITE,WHITE,WHITE,WHITE,WHITEWHITE,WHITE,WHITE,WHITE,WHITE,WHITE,BLUE,BLUE,BLUE,WHITE,WHITE,WHITE,WHITE,WHITE,WHITE,WHITE,WHITE,WHITEWHITE,WHITE,WHITE,WHITE,WHITE,WHITE,BLUE,BLUE,BLUE,WHITE,WHITE,WHITE,WHITE,WHITE,WHITE,WHITE,WHITE,WHITEWHITE,RED,GREEN,WHITE,WHITE,WHITE,BLUE,RED,BLUE,WHITE,WHITE,GREEN,WHITE,GREEN,WHITE,GREEN,WHITE,WHITEGREEN,RED,RED,RED,GREEN,RED,RED,GREEN,BLUE,GREEN,WHITE,RED,WHITE,GREEN,GREEN,RED,WHITE,RED]"
"0428b217-f96b-4423-91ed-2d1f2d51b369",1694349419991,1694349703415,"33708",10,"53453","ARCHITECT","move blue B1",1694349689363,"(66,83)","6, 18","[WHITE,WHITE,WHITE,WHITE,WHITE,WHITE,WHITE,WHITE,WHITE,WHITE,WHITE,WHITE,WHITE,WHITE,WHITE,WHITE,WHITE,WHITEWHITE,WHITE,WHITE,WHITE,WHITE,WHITE,WHITE,WHITE,BLUE,WHITE,WHITE,WHITE,WHITE,WHITE,WHITE,WHITE,WHITE,WHITEWHITE,WHITE,WHITE,WHITE,WHITE,WHITE,BLUE,BLUE,BLUE,WHITE,WHITE,WHITE,WHITE,WHITE,WHITE,WHITE,WHITE,WHITEWHITE,WHITE,WHITE,WHITE,WHITE,WHITE,BLUE,BLUE,BLUE,WHITE,WHITE,WHITE,WHITE,WHITE,WHITE,WHITE,WHITE,WHITEWHITE,RED,GREEN,WHITE,WHITE,WHITE,BLUE,RED,BLUE,WHITE,WHITE,GREEN,WHITE,GREEN,WHITE,GREEN,WHITE,WHITEGREEN,RED,RED,RED,GREEN,RED,RED,GREEN,BLUE,GREEN,WHITE,RED,WHITE,GREEN,GREEN,RED,WHITE,RED]"
"0428b217-f96b-4423-91ed-2d1f2d51b369",1694349419991,1694349703415,"33708",10,"53453","ARCHITECT","move blue B1",1694349690444,"(84,80)","6, 18","[WHITE,WHITE,WHITE,WHITE,WHITE,WHITE,WHITE,WHITE,WHITE,WHITE,WHITE,WHITE,WHITE,WHITE,WHITE,WHITE,WHITE,WHITEWHITE,WHITE,WHITE,WHITE,WHITE,WHITE,WHITE,WHITE,BLUE,WHITE,WHITE,WHITE,WHITE,WHITE,WHITE,WHITE,WHITE,WHITEWHITE,WHITE,WHITE,WHITE,WHITE,WHITE,BLUE,BLUE,BLUE,WHITE,WHITE,WHITE,WHITE,WHITE,WHITE,WHITE,WHITE,WHITEWHITE,WHITE,WHITE,WHITE,WHITE,WHITE,BLUE,BLUE,BLUE,WHITE,WHITE,WHITE,WHITE,WHITE,WHITE,WHITE,WHITE,WHITEWHITE,RED,GREEN,WHITE,WHITE,WHITE,BLUE,RED,BLUE,WHITE,WHITE,GREEN,WHITE,GREEN,WHITE,GREEN,WHITE,WHITEGREEN,RED,RED,RED,GREEN,RED,RED,GREEN,BLUE,GREEN,WHITE,RED,WHITE,GREEN,GREEN,RED,WHITE,RED]"
"0428b217-f96b-4423-91ed-2d1f2d51b369",1694349419991,1694349703415,"33708",10,"53453","ARCHITECT","move blue B1",1694349692962,"(67,84)","6, 18","[WHITE,WHITE,WHITE,WHITE,WHITE,WHITE,WHITE,WHITE,WHITE,WHITE,WHITE,WHITE,WHITE,WHITE,WHITE,WHITE,WHITE,WHITEWHITE,WHITE,WHITE,WHITE,WHITE,WHITE,WHITE,WHITE,BLUE,WHITE,WHITE,WHITE,WHITE,WHITE,WHITE,WHITE,WHITE,WHITEWHITE,WHITE,WHITE,WHITE,WHITE,WHITE,BLUE,BLUE,BLUE,WHITE,WHITE,WHITE,WHITE,WHITE,WHITE,WHITE,WHITE,WHITEWHITE,WHITE,WHITE,WHITE,WHITE,WHITE,BLUE,BLUE,BLUE,WHITE,WHITE,WHITE,WHITE,WHITE,WHITE,WHITE,WHITE,WHITEWHITE,RED,GREEN,WHITE,WHITE,WHITE,BLUE,RED,BLUE,WHITE,WHITE,GREEN,WHITE,GREEN,WHITE,GREEN,WHITE,WHITEGREEN,RED,RED,RED,GREEN,RED,RED,GREEN,BLUE,GREEN,WHITE,RED,WHITE,GREEN,GREEN,RED,WHITE,RED]"
"0428b217-f96b-4423-91ed-2d1f2d51b369",1694349419991,1694349703415,"33708",10,"53453","ARCHITECT","move blue B1",1694349694209,"(85,81)","6, 18","[WHITE,WHITE,WHITE,WHITE,WHITE,WHITE,WHITE,WHITE,WHITE,WHITE,WHITE,WHITE,WHITE,WHITE,WHITE,WHITE,WHITE,WHITEWHITE,WHITE,WHITE,WHITE,WHITE,WHITE,WHITE,WHITE,BLUE,WHITE,WHITE,WHITE,WHITE,WHITE,WHITE,WHITE,WHITE,WHITEWHITE,WHITE,WHITE,WHITE,WHITE,WHITE,BLUE,BLUE,BLUE,WHITE,WHITE,WHITE,WHITE,WHITE,WHITE,WHITE,WHITE,WHITEWHITE,WHITE,WHITE,WHITE,WHITE,WHITE,BLUE,BLUE,BLUE,WHITE,WHITE,WHITE,WHITE,WHITE,WHITE,WHITE,WHITE,WHITEWHITE,RED,GREEN,WHITE,WHITE,WHITE,BLUE,RED,BLUE,WHITE,WHITE,GREEN,WHITE,GREEN,WHITE,GREEN,WHITE,WHITEGREEN,RED,RED,RED,GREEN,RED,RED,GREEN,BLUE,GREEN,WHITE,RED,WHITE,GREEN,GREEN,RED,WHITE,RED]"
"0428b217-f96b-4423-91ed-2d1f2d51b369",1694349419991,1694349703415,"33708",10,"53453","ARCHITECT","move blue B1",1694349695306,"(84,85)","6, 18","[WHITE,WHITE,WHITE,WHITE,WHITE,WHITE,WHITE,WHITE,WHITE,WHITE,WHITE,WHITE,WHITE,WHITE,WHITE,WHITE,WHITE,WHITEWHITE,WHITE,WHITE,WHITE,WHITE,WHITE,WHITE,WHITE,BLUE,WHITE,WHITE,WHITE,WHITE,WHITE,WHITE,WHITE,WHITE,WHITEWHITE,WHITE,WHITE,WHITE,WHITE,WHITE,BLUE,BLUE,BLUE,WHITE,WHITE,WHITE,WHITE,WHITE,WHITE,WHITE,WHITE,WHITEWHITE,WHITE,WHITE,WHITE,WHITE,WHITE,BLUE,BLUE,BLUE,WHITE,WHITE,WHITE,WHITE,WHITE,WHITE,WHITE,WHITE,WHITEWHITE,RED,GREEN,WHITE,WHITE,WHITE,BLUE,RED,BLUE,WHITE,WHITE,GREEN,WHITE,GREEN,WHITE,GREEN,WHITE,WHITEGREEN,RED,RED,RED,GREEN,RED,RED,GREEN,BLUE,GREEN,WHITE,RED,WHITE,GREEN,GREEN,RED,WHITE,RED]"
"0428b217-f96b-4423-91ed-2d1f2d51b369",1694349419991,1694349703415,"33708",10,"53453","ARCHITECT","move blue B1",1694349697155,"(102,62)","6, 18","[WHITE,WHITE,WHITE,WHITE,WHITE,WHITE,WHITE,WHITE,WHITE,WHITE,WHITE,WHITE,WHITE,WHITE,WHITE,WHITE,WHITE,WHITEWHITE,WHITE,WHITE,WHITE,WHITE,WHITE,WHITE,WHITE,BLUE,WHITE,WHITE,WHITE,WHITE,WHITE,WHITE,WHITE,WHITE,WHITEWHITE,WHITE,WHITE,WHITE,WHITE,WHITE,BLUE,BLUE,BLUE,WHITE,WHITE,WHITE,WHITE,WHITE,WHITE,WHITE,WHITE,WHITEWHITE,WHITE,WHITE,WHITE,WHITE,WHITE,BLUE,BLUE,BLUE,WHITE,WHITE,WHITE,WHITE,WHITE,WHITE,WHITE,WHITE,WHITEWHITE,RED,GREEN,WHITE,WHITE,WHITE,BLUE,RED,BLUE,WHITE,WHITE,GREEN,WHITE,GREEN,WHITE,GREEN,WHITE,WHITEGREEN,RED,RED,RED,GREEN,RED,RED,GREEN,BLUE,GREEN,WHITE,RED,WHITE,GREEN,GREEN,RED,WHITE,RED]"
"0428b217-f96b-4423-91ed-2d1f2d51b369",1694349419991,1694349703415,"33708",10,"53453","ARCHITECT","move blue B1",1694349698356,"(81,44)","6, 18","[WHITE,WHITE,WHITE,WHITE,WHITE,WHITE,WHITE,WHITE,WHITE,WHITE,WHITE,WHITE,WHITE,WHITE,WHITE,WHITE,WHITE,WHITEWHITE,WHITE,WHITE,WHITE,WHITE,WHITE,WHITE,WHITE,BLUE,WHITE,WHITE,WHITE,WHITE,WHITE,WHITE,WHITE,WHITE,WHITEWHITE,WHITE,WHITE,WHITE,WHITE,WHITE,BLUE,BLUE,BLUE,WHITE,WHITE,WHITE,WHITE,WHITE,WHITE,WHITE,WHITE,WHITEWHITE,WHITE,WHITE,WHITE,WHITE,WHITE,BLUE,BLUE,BLUE,WHITE,WHITE,WHITE,WHITE,WHITE,WHITE,WHITE,WHITE,WHITEWHITE,RED,GREEN,WHITE,WHITE,WHITE,BLUE,RED,BLUE,WHITE,WHITE,GREEN,WHITE,GREEN,WHITE,GREEN,WHITE,WHITEGREEN,RED,RED,RED,GREEN,RED,RED,GREEN,BLUE,GREEN,WHITE,RED,WHITE,GREEN,GREEN,RED,WHITE,RED]"
"0428b217-f96b-4423-91ed-2d1f2d51b369",1694349419991,1694349703415,"33708",10,"53453","ARCHITECT","move blue B1",1694349699888,"(88,43)","6, 18","[WHITE,WHITE,WHITE,WHITE,WHITE,WHITE,WHITE,WHITE,WHITE,WHITE,WHITE,WHITE,WHITE,WHITE,WHITE,WHITE,WHITE,WHITEWHITE,WHITE,WHITE,WHITE,WHITE,WHITE,WHITE,WHITE,BLUE,WHITE,WHITE,WHITE,WHITE,WHITE,WHITE,WHITE,WHITE,WHITEWHITE,WHITE,WHITE,WHITE,WHITE,WHITE,BLUE,BLUE,BLUE,WHITE,WHITE,WHITE,WHITE,WHITE,WHITE,WHITE,WHITE,WHITEWHITE,WHITE,WHITE,WHITE,WHITE,WHITE,BLUE,BLUE,BLUE,WHITE,WHITE,WHITE,WHITE,WHITE,WHITE,WHITE,WHITE,WHITEWHITE,RED,GREEN,WHITE,WHITE,WHITE,BLUE,RED,BLUE,WHITE,WHITE,GREEN,WHITE,GREEN,WHITE,GREEN,WHITE,WHITEGREEN,RED,RED,RED,GREEN,RED,RED,GREEN,BLUE,GREEN,WHITE,RED,WHITE,GREEN,GREEN,RED,WHITE,RED]"
"0428b217-f96b-4423-91ed-2d1f2d51b369",1694349419991,1694349703415,"33708",10,"53453","ARCHITECT","move blue B1",1694349701205,"(89,42)","6, 18","[WHITE,WHITE,WHITE,WHITE,WHITE,WHITE,WHITE,WHITE,WHITE,WHITE,WHITE,WHITE,WHITE,WHITE,WHITE,WHITE,WHITE,WHITEWHITE,WHITE,WHITE,WHITE,WHITE,WHITE,WHITE,WHITE,BLUE,WHITE,WHITE,WHITE,WHITE,WHITE,WHITE,WHITE,WHITE,WHITEWHITE,WHITE,WHITE,WHITE,WHITE,WHITE,BLUE,BLUE,BLUE,WHITE,WHITE,WHITE,WHITE,WHITE,WHITE,WHITE,WHITE,WHITEWHITE,WHITE,WHITE,WHITE,WHITE,WHITE,BLUE,BLUE,BLUE,WHITE,WHITE,WHITE,WHITE,WHITE,WHITE,WHITE,WHITE,WHITEWHITE,RED,GREEN,WHITE,WHITE,WHITE,BLUE,RED,BLUE,WHITE,WHITE,GREEN,WHITE,GREEN,WHITE,GREEN,WHITE,WHITEGREEN,RED,RED,RED,GREEN,RED,RED,GREEN,BLUE,GREEN,WHITE,RED,WHITE,GREEN,GREEN,RED,WHITE,RED]"
"0428b217-f96b-4423-91ed-2d1f2d51b369",1694349419991,1694349703415,"33708",10,"53453","ARCHITECT","move blue B1",1694349702884,"(106,26)","6, 18","[WHITE,WHITE,WHITE,WHITE,WHITE,WHITE,WHITE,WHITE,WHITE,WHITE,WHITE,WHITE,WHITE,WHITE,WHITE,WHITE,WHITE,WHITEWHITE,WHITE,WHITE,WHITE,WHITE,WHITE,WHITE,WHITE,BLUE,WHITE,WHITE,WHITE,WHITE,WHITE,WHITE,WHITE,WHITE,WHITEWHITE,WHITE,WHITE,WHITE,WHITE,WHITE,BLUE,BLUE,BLUE,WHITE,WHITE,WHITE,WHITE,WHITE,WHITE,WHITE,WHITE,WHITEWHITE,WHITE,WHITE,WHITE,WHITE,WHITE,BLUE,BLUE,BLUE,WHITE,WHITE,WHITE,WHITE,WHITE,WHITE,WHITE,WHITE,WHITEWHITE,RED,GREEN,WHITE,WHITE,WHITE,BLUE,RED,BLUE,WHITE,WHITE,GREEN,WHITE,GREEN,WHITE,GREEN,WHITE,WHITEGREEN,RED,RED,RED,GREEN,RED,RED,GREEN,BLUE,GREEN,WHITE,RED,WHITE,GREEN,GREEN,RED,WHITE,RED]"